Date,User_ID,Plan_Type,Region,Device,User_Type,Session_Duration_Min,Primary_Action,Converted,Revenue,Churn_Risk_Score
2024-03-24,U3164,Free,Asia,Mobile,New,17.6,Basic Search,No,0.0,0.67
2024-03-14,U3140,Free,Europe,Mobile,New,27.0,Landing Page View,No,0.0,0.56
2024-03-08,U3184,Pro,South America,Tablet,Returning,97.3,Landing Page View,No,0.0,0.75
2024-03-05,U3041,Pro,North America,Desktop,New,12.0,Basic Search,No,0.0,0.36
2024-03-24,U3089,Pro,South America,Tablet,New,116.8,Signup Start,No,0.0,0.09
2024-03-28,U3076,Pro,Asia,Tablet,New,84.8,Landing Page View,No,0.0,0.66
2024-03-03,U3198,Free,North America,Mobile,Returning,34.1,API Integration,No,0.0,0.17
2024-03-09,U3091,Free,Europe,Tablet,New,64.6,Dashboard Export,No,0.0,0.17
2024-03-30,U3098,Free,Oceania,Mobile,Returning,101.3,Landing Page View,No,0.0,0.23
2024-03-03,U3009,Pro,North America,Tablet,Returning,26.3,None,No,0.0,0.4
2024-03-09,U3165,Free,North America,Mobile,Returning,89.9,Signup Start,No,0.0,0.89
2024-03-05,U3103,Free,Oceania,Desktop,New,90.9,Basic Search,No,0.0,0.16
2024-03-03,U3041,Pro,South America,Desktop,Returning,64.0,Landing Page View,No,0.0,0.68
2024-03-09,U3030,Pro,Asia,Mobile,Returning,52.7,None,No,0.0,0.01
2024-03-17,U3185,Premium,North America,Tablet,New,104.6,AI Insights,No,99.99,0.83
2024-03-25,U3130,Pro,North America,Tablet,New,72.3,None,Yes,49.99,0.03
2024-03-10,U3093,Premium,North America,Mobile,New,105.5,Basic Search,No,99.99,0.09
2024-03-18,U3125,Pro,North America,Mobile,Returning,113.7,Advanced Search,No,0.0,0.27
2024-03-07,U3156,Free,Oceania,Tablet,New,85.8,Signup Start,No,0.0,0.99
2024-03-29,U3167,Free,Oceania,Desktop,New,30.5,Basic Search,No,0.0,0.34
2024-03-01,U3151,Pro,Europe,Tablet,New,28.2,Landing Page View,No,0.0,0.85
2024-03-09,U3019,Free,South America,Mobile,New,87.1,None,No,0.0,0.25
2024-03-04,U3122,Pro,South America,Desktop,Returning,49.9,Landing Page View,Yes,49.99,0.67
2024-03-13,U3166,Free,Asia,Mobile,New,23.8,None,No,0.0,0.15
2024-03-08,U3047,Free,Europe,Desktop,New,7.0,Landing Page View,No,0.0,0.96
2024-03-16,U3193,Pro,South America,Mobile,Returning,108.4,Advanced Search,Yes,49.99,0.38
2024-03-26,U3100,Free,South America,Desktop,Returning,83.9,None,No,0.0,0.16
2024-03-02,U3076,Free,Oceania,Tablet,New,90.0,Landing Page View,No,0.0,0.06
2024-03-28,U3123,Free,Oceania,Mobile,New,115.3,Basic Search,No,0.0,0.84
2024-03-08,U3018,Pro,South America,Mobile,New,69.9,Landing Page View,No,0.0,0.62
2024-03-11,U3108,Pro,Asia,Mobile,Returning,29.4,Signup Start,No,0.0,0.14
2024-03-11,U3166,Free,Europe,Mobile,Returning,74.9,Basic Search,No,0.0,0.08
2024-03-05,U3055,Free,Asia,Mobile,New,45.0,Advanced Search,No,0.0,0.44
2024-03-26,U3140,Pro,Oceania,Mobile,Returning,111.9,Basic Search,No,0.0,0.93
2024-03-29,U3035,Free,Europe,Tablet,New,33.4,Dashboard Export,No,0.0,0.71
2024-03-17,U3053,Pro,South America,Desktop,New,12.0,Signup Start,No,0.0,0.82
2024-03-25,U3012,Free,North America,Tablet,Returning,20.2,None,No,0.0,0.55
2024-03-31,U3110,Pro,North America,Tablet,New,100.3,Advanced Search,Yes,49.99,0.43
2024-03-29,U3011,Free,Europe,Desktop,New,82.2,Basic Search,No,0.0,0.36
2024-03-20,U3144,Premium,North America,Mobile,New,117.2,Advanced Search,No,99.99,0.87
2024-03-30,U3007,Free,Asia,Desktop,New,32.7,Basic Search,No,0.0,0.38
2024-03-27,U3010,Premium,South America,Desktop,Returning,98.6,Dashboard Export,Yes,99.99,0.23
2024-03-11,U3169,Free,Asia,Mobile,Returning,42.8,Signup Start,No,0.0,0.68
2024-03-01,U3138,Free,Europe,Desktop,New,70.1,AI Insights,No,0.0,0.05
2024-03-24,U3153,Free,Asia,Desktop,New,46.8,Dashboard Export,No,0.0,0.26
2024-03-17,U3182,Free,Oceania,Tablet,New,44.3,Basic Search,No,0.0,0.94
2024-03-04,U3085,Pro,Asia,Tablet,Returning,80.4,API Integration,No,0.0,0.4
2024-03-22,U3076,Pro,South America,Tablet,New,74.2,AI Insights,Yes,49.99,0.41
2024-03-07,U3001,Free,South America,Tablet,Returning,56.3,None,No,0.0,0.67
2024-03-29,U3131,Free,North America,Tablet,New,34.8,API Integration,No,0.0,0.1
2024-03-10,U3193,Free,North America,Mobile,New,3.9,Dashboard Export,No,0.0,0.97
2024-03-14,U3157,Pro,Oceania,Mobile,Returning,59.8,Dashboard Export,Yes,49.99,0.15
2024-03-25,U3177,Free,Europe,Desktop,New,21.9,None,No,0.0,0.06
2024-03-05,U3064,Premium,South America,Tablet,Returning,114.1,None,Yes,99.99,0.61
2024-03-30,U3185,Premium,Oceania,Desktop,New,89.5,None,No,99.99,0.45
2024-03-21,U3193,Free,Asia,Tablet,Returning,75.6,AI Insights,No,0.0,0.44
2024-03-09,U3183,Free,Asia,Desktop,New,17.5,Dashboard Export,No,0.0,0.39
2024-03-14,U3040,Pro,Asia,Tablet,Returning,50.5,Dashboard Export,Yes,49.99,0.83
2024-03-23,U3100,Premium,Europe,Tablet,Returning,57.8,API Integration,No,99.99,0.3
2024-03-14,U3100,Premium,Oceania,Tablet,New,59.1,AI Insights,No,99.99,0.44
2024-03-22,U3008,Free,South America,Tablet,New,101.0,Advanced Search,No,0.0,0.97
2024-03-13,U3137,Free,Oceania,Tablet,New,11.0,Signup Start,No,0.0,0.14
2024-03-09,U3119,Free,South America,Desktop,New,55.1,API Integration,No,0.0,0.76
2024-03-31,U3098,Free,South America,Desktop,New,57.0,Landing Page View,No,0.0,0.99
2024-03-03,U3090,Free,Europe,Mobile,New,24.7,Landing Page View,No,0.0,0.62
2024-03-22,U3062,Free,Europe,Tablet,New,56.3,AI Insights,No,0.0,0.76
2024-03-23,U3043,Pro,Europe,Mobile,Returning,13.9,Landing Page View,No,0.0,0.92
2024-03-13,U3148,Pro,North America,Mobile,New,13.1,AI Insights,No,0.0,0.84
2024-03-19,U3154,Pro,Europe,Desktop,Returning,79.7,Basic Search,No,0.0,0.51
2024-03-14,U3088,Free,South America,Mobile,Returning,115.3,None,No,0.0,0.7
2024-03-17,U3112,Free,Asia,Tablet,Returning,56.3,AI Insights,No,0.0,0.33
2024-03-29,U3063,Pro,South America,Mobile,Returning,68.8,Signup Start,Yes,49.99,0.34
2024-03-07,U3127,Premium,Asia,Desktop,Returning,34.3,AI Insights,Yes,99.99,0.55
2024-03-24,U3133,Premium,South America,Desktop,New,83.2,None,Yes,99.99,0.45
2024-03-08,U3005,Free,South America,Tablet,New,37.4,API Integration,No,0.0,0.47
2024-03-24,U3136,Free,Oceania,Desktop,Returning,84.6,AI Insights,No,0.0,0.31
2024-03-07,U3060,Free,Asia,Mobile,New,23.8,None,No,0.0,0.28
2024-03-10,U3151,Premium,Europe,Mobile,Returning,28.1,Advanced Search,No,99.99,0.31
2024-03-09,U3182,Free,Europe,Mobile,Returning,84.0,Advanced Search,No,0.0,0.64
2024-03-28,U3193,Free,Europe,Tablet,Returning,56.9,None,No,0.0,0.34
2024-03-28,U3014,Free,South America,Mobile,New,48.7,Basic Search,No,0.0,0.58
2024-03-05,U3176,Free,Oceania,Desktop,New,119.3,Basic Search,No,0.0,0.56
2024-03-08,U3107,Pro,Oceania,Desktop,Returning,109.1,AI Insights,No,0.0,0.85
2024-03-20,U3110,Free,Europe,Tablet,New,113.8,Dashboard Export,No,0.0,0.62
2024-03-06,U3068,Pro,Oceania,Mobile,New,1.3,None,Yes,49.99,0.69
2024-03-08,U3121,Free,Asia,Tablet,Returning,84.7,None,No,0.0,0.08
2024-03-21,U3060,Premium,Oceania,Tablet,New,51.6,Dashboard Export,No,99.99,0.64
2024-03-06,U3069,Pro,Asia,Tablet,Returning,53.3,None,Yes,49.99,0.68
2024-03-09,U3180,Free,Oceania,Tablet,Returning,53.1,Landing Page View,No,0.0,0.88
2024-03-09,U3189,Free,Europe,Mobile,New,115.5,Landing Page View,No,0.0,0.99
2024-03-25,U3173,Pro,North America,Desktop,Returning,110.0,Advanced Search,No,0.0,0.99
2024-03-03,U3112,Pro,South America,Desktop,Returning,40.7,Basic Search,No,0.0,0.85
2024-03-16,U3085,Free,Asia,Tablet,Returning,97.8,Landing Page View,No,0.0,0.46
2024-03-04,U3081,Free,South America,Tablet,New,79.3,None,No,0.0,0.41
2024-03-20,U3049,Free,South America,Tablet,Returning,91.4,Dashboard Export,No,0.0,0.27
2024-03-23,U3034,Premium,South America,Mobile,New,116.8,Dashboard Export,No,99.99,0.71
2024-03-03,U3080,Pro,North America,Mobile,Returning,113.7,Advanced Search,No,0.0,0.5
2024-03-23,U3184,Free,Asia,Desktop,Returning,117.6,Dashboard Export,No,0.0,0.46
2024-03-30,U3038,Free,Oceania,Tablet,New,103.8,AI Insights,No,0.0,0.77
2024-03-26,U3107,Free,Oceania,Desktop,New,34.7,AI Insights,No,0.0,0.83
2024-03-05,U3149,Premium,South America,Tablet,Returning,42.1,Signup Start,No,99.99,0.46
2024-03-08,U3083,Premium,Oceania,Desktop,New,102.9,Signup Start,No,99.99,0.05
2024-03-30,U3191,Free,South America,Desktop,New,59.9,Landing Page View,No,0.0,0.13
2024-03-04,U3152,Free,South America,Mobile,Returning,2.8,Advanced Search,No,0.0,0.41
2024-03-26,U3168,Premium,Asia,Desktop,Returning,78.3,API Integration,Yes,99.99,0.85
2024-03-11,U3137,Free,South America,Tablet,New,74.5,Dashboard Export,No,0.0,0.63
2024-03-14,U3074,Premium,Europe,Tablet,New,53.8,AI Insights,No,99.99,0.9
2024-03-02,U3012,Free,Asia,Desktop,Returning,52.3,Dashboard Export,No,0.0,0.53
2024-03-06,U3145,Pro,Europe,Tablet,Returning,74.7,Dashboard Export,Yes,49.99,0.5
2024-03-15,U3150,Free,Asia,Desktop,Returning,80.4,None,No,0.0,0.89
2024-03-03,U3174,Free,South America,Desktop,Returning,77.0,Signup Start,No,0.0,0.69
2024-03-13,U3117,Pro,South America,Mobile,New,46.4,API Integration,Yes,49.99,0.57
2024-03-27,U3180,Free,South America,Desktop,New,68.3,Landing Page View,No,0.0,0.9
2024-03-29,U3191,Free,Asia,Mobile,Returning,27.1,Dashboard Export,No,0.0,0.62
2024-03-22,U3174,Pro,North America,Tablet,New,108.5,Landing Page View,No,0.0,0.31
2024-03-12,U3113,Free,North America,Mobile,Returning,39.9,Signup Start,No,0.0,0.18
2024-03-12,U3034,Pro,Oceania,Tablet,Returning,99.8,AI Insights,No,0.0,0.91
2024-03-28,U3124,Premium,Asia,Mobile,Returning,115.6,Advanced Search,No,99.99,0.75
2024-03-13,U3058,Premium,Oceania,Desktop,New,95.1,Landing Page View,No,99.99,0.27
2024-03-22,U3032,Free,Asia,Tablet,Returning,98.9,API Integration,No,0.0,0.12
2024-03-20,U3060,Free,Oceania,Desktop,New,78.1,None,No,0.0,0.9
2024-03-02,U3078,Pro,Europe,Desktop,Returning,14.8,Dashboard Export,Yes,49.99,0.88
2024-03-12,U3035,Free,Oceania,Desktop,New,106.4,Basic Search,No,0.0,0.83
2024-03-31,U3158,Free,Asia,Mobile,Returning,26.9,None,No,0.0,0.94
2024-03-22,U3093,Free,Asia,Tablet,Returning,8.2,AI Insights,No,0.0,0.2
2024-03-03,U3032,Premium,North America,Tablet,New,7.0,API Integration,No,99.99,0.25
2024-03-27,U3033,Pro,Oceania,Mobile,New,97.8,Dashboard Export,Yes,49.99,0.33
2024-03-09,U3038,Pro,North America,Mobile,Returning,96.0,Basic Search,No,0.0,0.66
2024-03-12,U3007,Free,North America,Tablet,Returning,2.9,AI Insights,No,0.0,0.06
2024-03-04,U3190,Free,Europe,Desktop,Returning,93.6,Basic Search,No,0.0,0.45
2024-03-26,U3057,Premium,Oceania,Desktop,Returning,77.6,Landing Page View,Yes,99.99,0.07
2024-03-04,U3123,Pro,South America,Tablet,Returning,9.7,Basic Search,No,0.0,0.33
2024-03-09,U3038,Free,Oceania,Tablet,Returning,46.3,AI Insights,No,0.0,0.45
2024-03-26,U3155,Free,Europe,Tablet,New,52.2,Dashboard Export,No,0.0,0.42
2024-03-24,U3117,Free,Europe,Desktop,Returning,38.2,AI Insights,No,0.0,0.38
2024-03-03,U3040,Pro,Europe,Mobile,Returning,12.5,API Integration,No,0.0,0.81
2024-03-31,U3143,Free,Oceania,Tablet,Returning,80.7,Signup Start,No,0.0,0.36
2024-03-30,U3171,Premium,Europe,Desktop,Returning,42.8,Dashboard Export,No,99.99,0.16
2024-03-04,U3124,Free,Asia,Tablet,Returning,14.7,AI Insights,No,0.0,0.57
2024-03-27,U3110,Pro,Oceania,Tablet,New,73.5,AI Insights,No,0.0,0.04
2024-03-11,U3070,Pro,Asia,Mobile,New,104.5,Signup Start,No,0.0,0.08
2024-03-24,U3190,Pro,Oceania,Mobile,Returning,51.0,API Integration,Yes,49.99,0.16
2024-03-19,U3080,Pro,Oceania,Mobile,New,19.5,Landing Page View,No,0.0,0.67
2024-03-14,U3070,Free,South America,Tablet,Returning,50.3,Dashboard Export,No,0.0,0.75
2024-03-04,U3030,Free,Asia,Tablet,Returning,63.7,AI Insights,No,0.0,0.05
2024-03-07,U3102,Premium,Asia,Mobile,New,91.9,AI Insights,Yes,99.99,0.33
2024-03-14,U3002,Free,North America,Mobile,Returning,64.4,Dashboard Export,No,0.0,0.5
2024-03-28,U3172,Pro,Europe,Desktop,New,55.7,Basic Search,Yes,49.99,0.85
2024-03-13,U3148,Free,South America,Desktop,New,49.2,API Integration,No,0.0,0.18
2024-03-23,U3159,Free,Asia,Mobile,Returning,101.5,Dashboard Export,No,0.0,0.44
2024-03-13,U3103,Free,Asia,Tablet,Returning,27.4,Advanced Search,No,0.0,0.08
2024-03-17,U3163,Free,North America,Desktop,Returning,87.6,Advanced Search,No,0.0,0.24
2024-03-06,U3038,Free,Oceania,Mobile,New,22.1,None,No,0.0,0.46
2024-03-30,U3145,Pro,Oceania,Tablet,Returning,103.8,API Integration,No,0.0,0.16
2024-03-21,U3018,Free,Asia,Desktop,New,42.9,Basic Search,No,0.0,0.31
2024-03-12,U3116,Free,Asia,Mobile,New,74.2,Signup Start,No,0.0,0.46
2024-03-02,U3142,Premium,South America,Tablet,New,39.3,None,No,99.99,0.5
2024-03-26,U3016,Free,Asia,Tablet,New,61.0,Advanced Search,No,0.0,0.05
2024-03-15,U3182,Free,Oceania,Tablet,New,44.3,AI Insights,No,0.0,0.39
2024-03-20,U3199,Free,Europe,Tablet,Returning,8.8,Basic Search,No,0.0,0.56
2024-03-24,U3099,Free,Oceania,Mobile,Returning,10.7,Advanced Search,No,0.0,0.91
2024-03-13,U3080,Premium,North America,Tablet,New,37.8,Signup Start,No,99.99,0.64
2024-03-27,U3085,Pro,Oceania,Mobile,Returning,61.5,Landing Page View,No,0.0,0.37
2024-03-25,U3047,Premium,South America,Mobile,New,120.0,Advanced Search,No,99.99,0.09
2024-03-18,U3026,Free,Oceania,Mobile,Returning,105.3,Advanced Search,No,0.0,0.6
2024-03-27,U3040,Free,Oceania,Mobile,Returning,6.2,API Integration,No,0.0,0.67
2024-03-25,U3061,Premium,South America,Mobile,New,37.8,None,No,99.99,0.9
2024-03-31,U3050,Free,Oceania,Desktop,Returning,92.6,Signup Start,No,0.0,0.5
2024-03-26,U3108,Premium,Oceania,Mobile,Returning,7.2,None,No,99.99,0.87
2024-03-17,U3142,Premium,Europe,Desktop,New,91.8,AI Insights,No,99.99,0.45
2024-03-14,U3132,Free,Europe,Mobile,Returning,106.3,Landing Page View,No,0.0,0.42
2024-03-08,U3102,Free,South America,Mobile,Returning,27.7,API Integration,No,0.0,0.92
2024-03-05,U3183,Pro,Europe,Desktop,Returning,83.8,Advanced Search,No,0.0,0.75
2024-03-01,U3121,Free,Europe,Mobile,Returning,26.7,Advanced Search,No,0.0,0.55
2024-03-25,U3187,Pro,Asia,Mobile,Returning,15.5,Dashboard Export,No,0.0,0.42
2024-03-04,U3160,Free,South America,Tablet,New,76.2,Dashboard Export,No,0.0,0.71
2024-03-20,U3075,Free,Asia,Mobile,Returning,23.3,Basic Search,No,0.0,0.52
2024-03-17,U3093,Free,Oceania,Tablet,New,47.5,None,No,0.0,0.05
2024-03-01,U3100,Premium,Asia,Mobile,Returning,29.7,Basic Search,No,99.99,0.77
2024-03-12,U3189,Pro,Oceania,Desktop,New,99.8,None,Yes,49.99,0.97
2024-03-03,U3123,Pro,South America,Mobile,Returning,25.0,Dashboard Export,No,0.0,0.88
2024-03-27,U3081,Premium,Oceania,Desktop,Returning,5.4,Dashboard Export,No,99.99,0.29
2024-03-21,U3200,Free,Asia,Desktop,New,96.1,Signup Start,No,0.0,0.88
2024-03-31,U3191,Free,South America,Desktop,New,60.0,None,No,0.0,0.37
2024-03-03,U3133,Free,South America,Mobile,Returning,72.7,Advanced Search,No,0.0,0.54
2024-03-11,U3083,Free,Asia,Desktop,Returning,72.7,Signup Start,No,0.0,0.17
2024-03-02,U3114,Free,Asia,Tablet,Returning,33.7,Landing Page View,No,0.0,0.08
2024-03-17,U3164,Free,North America,Mobile,New,102.0,None,No,0.0,0.04
2024-03-21,U3018,Free,Asia,Desktop,Returning,114.0,Landing Page View,No,0.0,0.6
2024-03-12,U3174,Free,Asia,Desktop,New,69.3,API Integration,No,0.0,0.4
2024-03-31,U3167,Free,Europe,Mobile,New,60.4,Signup Start,No,0.0,0.91
2024-03-09,U3031,Free,South America,Mobile,Returning,83.6,None,No,0.0,0.21
2024-03-29,U3035,Premium,South America,Mobile,Returning,80.5,Basic Search,No,99.99,0.55
2024-03-23,U3075,Premium,North America,Desktop,New,15.4,Dashboard Export,No,99.99,0.79
2024-03-18,U3061,Pro,Oceania,Desktop,Returning,96.6,Advanced Search,Yes,49.99,0.61
2024-03-13,U3023,Free,South America,Tablet,Returning,92.5,Basic Search,No,0.0,0.13
2024-03-22,U3082,Pro,Oceania,Desktop,New,105.5,Advanced Search,No,0.0,0.76
2024-03-30,U3034,Free,Europe,Mobile,New,37.2,Advanced Search,No,0.0,0.33
2024-03-31,U3182,Free,Oceania,Desktop,New,30.8,AI Insights,No,0.0,0.13
2024-03-21,U3078,Pro,North America,Tablet,New,21.4,API Integration,Yes,49.99,0.84
2024-03-28,U3145,Free,Europe,Mobile,New,113.9,AI Insights,No,0.0,0.65
2024-03-01,U3197,Pro,South America,Tablet,Returning,77.4,AI Insights,No,0.0,0.48
2024-03-15,U3176,Free,Europe,Tablet,New,19.8,Signup Start,No,0.0,0.48
2024-03-05,U3053,Free,Asia,Tablet,Returning,88.4,API Integration,No,0.0,0.97
2024-03-04,U3034,Pro,Asia,Mobile,Returning,15.6,None,No,0.0,0.25
2024-03-31,U3025,Free,South America,Tablet,Returning,30.5,Advanced Search,No,0.0,0.81
2024-03-06,U3148,Pro,South America,Tablet,Returning,60.4,AI Insights,Yes,49.99,0.5
2024-03-31,U3024,Premium,North America,Mobile,Returning,6.8,AI Insights,No,99.99,0.49
2024-03-01,U3168,Pro,Europe,Desktop,New,106.0,API Integration,No,0.0,0.76
2024-03-02,U3094,Free,Oceania,Tablet,New,44.1,AI Insights,No,0.0,0.08
2024-03-18,U3130,Free,Asia,Tablet,New,16.3,Basic Search,No,0.0,0.4
2024-03-05,U3087,Pro,North America,Tablet,Returning,60.5,Landing Page View,No,0.0,0.05
2024-03-16,U3183,Free,Oceania,Desktop,New,73.1,Advanced Search,No,0.0,0.33
2024-03-13,U3157,Free,Oceania,Tablet,Returning,71.7,None,No,0.0,0.7
2024-03-01,U3077,Free,Asia,Desktop,New,117.6,AI Insights,No,0.0,0.79
2024-03-20,U3186,Premium,South America,Desktop,New,86.8,None,No,99.99,0.18
2024-03-13,U3162,Pro,North America,Tablet,New,4.8,Basic Search,No,0.0,0.2
2024-03-05,U3113,Free,South America,Tablet,New,49.8,None,No,0.0,0.87
2024-03-17,U3189,Pro,North America,Tablet,Returning,119.8,None,No,0.0,0.52
2024-03-18,U3081,Premium,Asia,Tablet,Returning,81.4,AI Insights,No,99.99,0.61
2024-03-10,U3050,Premium,North America,Desktop,Returning,84.9,None,No,99.99,0.32
2024-03-24,U3090,Pro,Asia,Desktop,New,69.2,Signup Start,No,0.0,0.89
2024-03-26,U3102,Pro,North America,Desktop,New,35.2,Basic Search,No,0.0,0.35
2024-03-07,U3114,Pro,North America,Tablet,Returning,112.0,AI Insights,No,0.0,0.14
2024-03-02,U3158,Pro,Oceania,Mobile,New,7.2,Signup Start,Yes,49.99,0.33
2024-03-25,U3121,Free,North America,Mobile,New,49.4,None,No,0.0,0.48
2024-03-10,U3052,Pro,Europe,Mobile,New,64.7,Landing Page View,No,0.0,0.9
2024-03-27,U3045,Free,North America,Mobile,Returning,94.8,Advanced Search,No,0.0,0.93
2024-03-19,U3075,Premium,Oceania,Mobile,Returning,34.9,None,Yes,99.99,0.88
2024-03-07,U3035,Premium,Europe,Desktop,New,88.0,AI Insights,No,99.99,0.71
2024-03-19,U3004,Pro,North America,Mobile,Returning,99.4,API Integration,No,0.0,0.1
2024-03-05,U3172,Free,South America,Desktop,New,1.8,Signup Start,No,0.0,0.24
2024-03-11,U3193,Free,Asia,Tablet,New,32.1,API Integration,No,0.0,0.69
2024-03-06,U3016,Pro,South America,Tablet,Returning,83.1,AI Insights,No,0.0,0.37
2024-03-05,U3057,Free,South America,Mobile,Returning,90.0,API Integration,No,0.0,0.42
2024-03-26,U3141,Premium,North America,Mobile,New,63.5,API Integration,No,99.99,0.09
2024-03-27,U3145,Free,Oceania,Tablet,New,69.2,Advanced Search,No,0.0,0.17
2024-03-22,U3134,Free,North America,Tablet,Returning,11.8,None,No,0.0,0.8
2024-03-14,U3117,Free,South America,Tablet,New,67.5,AI Insights,No,0.0,0.72
2024-03-01,U3102,Free,North America,Tablet,New,6.4,API Integration,No,0.0,0.7
2024-03-03,U3139,Premium,South America,Mobile,Returning,49.7,Advanced Search,No,99.99,0.76
2024-03-29,U3187,Pro,South America,Desktop,Returning,45.7,Advanced Search,No,0.0,0.65
2024-03-18,U3090,Free,South America,Tablet,New,87.6,Dashboard Export,No,0.0,0.83
2024-03-10,U3194,Free,South America,Tablet,Returning,64.3,Dashboard Export,No,0.0,0.25
2024-03-07,U3089,Free,Europe,Mobile,Returning,74.2,Landing Page View,No,0.0,0.25
2024-03-02,U3018,Free,South America,Tablet,New,30.1,Landing Page View,No,0.0,0.4
2024-03-25,U3060,Free,Europe,Mobile,Returning,28.9,API Integration,No,0.0,0.58
2024-03-10,U3198,Pro,North America,Tablet,New,50.2,AI Insights,No,0.0,0.07
2024-03-21,U3152,Premium,South America,Tablet,Returning,6.6,API Integration,No,99.99,0.93
2024-03-17,U3172,Free,Asia,Tablet,Returning,49.6,AI Insights,No,0.0,0.38
2024-03-08,U3194,Free,North America,Desktop,New,96.9,Landing Page View,No,0.0,0.56
2024-03-08,U3107,Pro,Asia,Mobile,Returning,78.0,None,Yes,49.99,0.84
2024-03-27,U3024,Free,North America,Mobile,Returning,45.9,Landing Page View,No,0.0,0.87
2024-03-22,U3049,Pro,Oceania,Mobile,Returning,25.9,API Integration,No,0.0,0.31
2024-03-07,U3004,Free,Europe,Tablet,Returning,109.8,Dashboard Export,No,0.0,0.4
2024-03-13,U3062,Pro,South America,Tablet,Returning,37.7,API Integration,No,0.0,0.51
2024-03-26,U3128,Free,South America,Desktop,New,45.1,Signup Start,No,0.0,0.05
2024-03-18,U3057,Pro,Oceania,Tablet,Returning,36.1,Dashboard Export,Yes,49.99,0.33
2024-03-18,U3098,Pro,Asia,Desktop,Returning,116.0,None,Yes,49.99,0.46
2024-03-24,U3188,Pro,Oceania,Desktop,New,110.1,Landing Page View,Yes,49.99,0.52
2024-03-25,U3020,Premium,Europe,Desktop,New,101.3,Dashboard Export,No,99.99,0.08
2024-03-17,U3039,Free,South America,Desktop,New,74.5,None,No,0.0,0.66
2024-03-18,U3005,Free,South America,Mobile,New,64.0,AI Insights,No,0.0,0.54
2024-03-27,U3074,Free,South America,Mobile,New,110.2,Advanced Search,No,0.0,0.25
2024-03-27,U3159,Free,Asia,Desktop,Returning,10.4,Signup Start,No,0.0,0.46
2024-03-22,U3063,Premium,Europe,Tablet,New,12.1,Signup Start,Yes,99.99,0.38
2024-03-01,U3122,Free,North America,Mobile,Returning,101.6,API Integration,No,0.0,0.56
2024-03-08,U3025,Premium,North America,Tablet,Returning,33.3,Basic Search,No,99.99,0.68
2024-03-02,U3072,Premium,North America,Desktop,New,115.4,Advanced Search,No,99.99,0.75
2024-03-10,U3183,Pro,North America,Tablet,New,68.4,Signup Start,No,0.0,0.67
2024-03-25,U3139,Free,North America,Tablet,New,60.6,API Integration,No,0.0,0.06
2024-03-03,U3112,Free,Asia,Tablet,Returning,116.3,API Integration,No,0.0,0.04
2024-03-08,U3070,Pro,Asia,Tablet,Returning,52.4,Signup Start,No,0.0,0.09
2024-03-08,U3159,Free,Europe,Mobile,Returning,19.4,Advanced Search,No,0.0,0.73
2024-03-03,U3082,Free,Europe,Desktop,Returning,43.8,AI Insights,No,0.0,0.11
2024-03-15,U3023,Free,Oceania,Tablet,Returning,13.3,Basic Search,No,0.0,0.36
2024-03-28,U3024,Pro,South America,Mobile,Returning,50.2,Basic Search,No,0.0,0.72
2024-03-19,U3144,Premium,Oceania,Mobile,Returning,21.2,AI Insights,No,99.99,0.31
2024-03-06,U3127,Free,South America,Desktop,Returning,36.7,Basic Search,No,0.0,0.36
2024-03-20,U3064,Pro,North America,Desktop,New,17.1,Landing Page View,No,0.0,0.94
2024-03-28,U3086,Pro,Asia,Desktop,Returning,52.2,Advanced Search,No,0.0,0.3
2024-03-11,U3155,Premium,North America,Desktop,Returning,35.7,None,Yes,99.99,0.96
2024-03-09,U3063,Free,South America,Desktop,New,111.9,Dashboard Export,No,0.0,0.59
2024-03-25,U3140,Free,Oceania,Mobile,Returning,113.2,Dashboard Export,No,0.0,0.44
2024-03-28,U3075,Pro,South America,Tablet,Returning,17.6,AI Insights,Yes,49.99,0.25
2024-03-14,U3169,Free,South America,Mobile,Returning,118.9,None,No,0.0,0.58
2024-03-30,U3137,Free,South America,Tablet,New,95.1,API Integration,No,0.0,0.7
2024-03-04,U3138,Pro,North America,Tablet,Returning,20.8,Landing Page View,No,0.0,0.56
2024-03-25,U3166,Pro,Asia,Desktop,New,2.3,AI Insights,No,0.0,0.23
2024-03-19,U3192,Free,Oceania,Mobile,Returning,45.5,None,No,0.0,0.77
2024-03-01,U3151,Pro,South America,Mobile,Returning,50.5,Basic Search,Yes,49.99,0.12
2024-03-10,U3187,Free,Asia,Desktop,New,63.0,API Integration,No,0.0,0.48
2024-03-03,U3113,Pro,Asia,Mobile,New,3.7,API Integration,No,0.0,0.65
2024-03-24,U3174,Pro,North America,Tablet,New,66.7,API Integration,No,0.0,0.56
2024-03-13,U3119,Free,North America,Mobile,Returning,48.1,Dashboard Export,No,0.0,0.45
2024-03-23,U3110,Free,North America,Mobile,Returning,90.5,Basic Search,No,0.0,0.58
2024-03-11,U3138,Free,North America,Desktop,New,32.2,None,No,0.0,0.53
2024-03-13,U3164,Free,Oceania,Desktop,New,42.4,None,No,0.0,0.62
2024-03-20,U3173,Pro,Oceania,Mobile,New,38.3,Dashboard Export,No,0.0,0.31
2024-03-05,U3047,Free,Oceania,Desktop,Returning,72.0,Signup Start,No,0.0,0.42
2024-03-21,U3125,Pro,North America,Tablet,New,59.3,Advanced Search,No,0.0,0.19
2024-03-31,U3116,Pro,Europe,Desktop,New,24.2,Signup Start,No,0.0,0.95
2024-03-16,U3130,Pro,South America,Tablet,Returning,59.2,Basic Search,No,0.0,0.56
2024-03-02,U3195,Free,Asia,Mobile,Returning,21.0,None,No,0.0,0.56
2024-03-04,U3198,Pro,Oceania,Mobile,Returning,93.2,API Integration,No,0.0,0.54
2024-03-24,U3194,Free,South America,Tablet,New,118.8,Basic Search,No,0.0,0.73
2024-03-02,U3168,Pro,South America,Desktop,Returning,103.6,Basic Search,No,0.0,0.44
2024-03-26,U3031,Pro,Oceania,Tablet,Returning,103.5,Signup Start,Yes,49.99,0.17
2024-03-26,U3036,Pro,Europe,Tablet,Returning,64.3,Advanced Search,No,0.0,0.33
2024-03-19,U3181,Free,Asia,Tablet,New,17.1,Signup Start,No,0.0,0.91
2024-03-28,U3071,Premium,North America,Mobile,New,85.7,Dashboard Export,Yes,99.99,0.76
2024-03-05,U3174,Free,Oceania,Tablet,Returning,75.7,Signup Start,No,0.0,0.45
2024-03-13,U3163,Pro,Oceania,Tablet,Returning,83.7,API Integration,No,0.0,0.46
2024-03-01,U3125,Free,Europe,Tablet,Returning,76.5,API Integration,No,0.0,0.84
2024-03-31,U3137,Free,South America,Mobile,Returning,33.0,AI Insights,No,0.0,0.34
2024-03-28,U3148,Free,South America,Desktop,New,6.5,None,No,0.0,0.03
2024-03-01,U3041,Free,South America,Mobile,New,106.0,AI Insights,No,0.0,0.17
2024-03-12,U3071,Free,Asia,Mobile,Returning,80.1,Advanced Search,No,0.0,0.06
2024-03-23,U3161,Free,North America,Desktop,New,84.7,Landing Page View,No,0.0,0.22
2024-03-08,U3020,Free,Oceania,Tablet,Returning,2.1,API Integration,No,0.0,0.81
2024-03-08,U3109,Pro,South America,Mobile,New,13.3,API Integration,No,0.0,0.87
2024-03-27,U3036,Free,North America,Tablet,New,9.1,Landing Page View,No,0.0,0.61
2024-03-24,U3043,Free,North America,Tablet,New,110.5,None,No,0.0,0.85
2024-03-04,U3023,Premium,Oceania,Tablet,Returning,42.8,Signup Start,Yes,99.99,0.32
2024-03-21,U3036,Free,Europe,Mobile,Returning,93.7,Landing Page View,No,0.0,0.84
2024-03-20,U3169,Premium,Oceania,Mobile,Returning,36.2,Landing Page View,Yes,99.99,0.78
2024-03-04,U3062,Free,North America,Desktop,New,63.9,Landing Page View,No,0.0,0.98
2024-03-28,U3082,Free,Oceania,Desktop,Returning,66.0,Advanced Search,No,0.0,0.76
2024-03-19,U3198,Free,Europe,Mobile,Returning,26.7,Landing Page View,No,0.0,0.94
2024-03-21,U3102,Free,Oceania,Desktop,Returning,84.5,Basic Search,No,0.0,0.64
2024-03-10,U3138,Pro,Europe,Tablet,New,116.9,Advanced Search,No,0.0,0.54
2024-03-21,U3101,Pro,Europe,Desktop,Returning,87.9,Dashboard Export,No,0.0,0.07
2024-03-20,U3023,Premium,Oceania,Mobile,Returning,80.3,Advanced Search,Yes,99.99,0.13
2024-03-01,U3182,Free,North America,Desktop,Returning,63.2,AI Insights,No,0.0,0.17
2024-03-24,U3033,Pro,Europe,Mobile,Returning,97.0,AI Insights,No,0.0,0.52
2024-03-03,U3068,Pro,South America,Desktop,Returning,7.6,Advanced Search,No,0.0,0.37
2024-03-22,U3066,Pro,Europe,Mobile,New,6.2,Landing Page View,No,0.0,0.25
2024-03-30,U3121,Free,North America,Mobile,New,66.8,Signup Start,No,0.0,0.23
2024-03-24,U3064,Free,Asia,Desktop,New,69.0,Basic Search,No,0.0,0.5
2024-03-26,U3014,Free,Oceania,Mobile,Returning,9.2,None,No,0.0,0.86
2024-03-18,U3199,Pro,South America,Mobile,Returning,24.9,AI Insights,No,0.0,0.73
2024-03-19,U3063,Free,South America,Mobile,New,18.9,Signup Start,No,0.0,0.03
2024-03-27,U3139,Free,Europe,Desktop,New,91.3,Signup Start,No,0.0,0.84
2024-03-07,U3187,Free,Oceania,Mobile,Returning,59.6,Landing Page View,No,0.0,0.96
2024-03-30,U3037,Pro,North America,Tablet,Returning,84.4,API Integration,Yes,49.99,0.46
2024-03-04,U3192,Free,Oceania,Mobile,Returning,9.9,Landing Page View,No,0.0,0.44
2024-03-09,U3034,Free,Asia,Desktop,Returning,38.8,AI Insights,No,0.0,0.24
2024-03-25,U3052,Free,Oceania,Mobile,New,13.6,None,No,0.0,0.47
2024-03-12,U3105,Free,North America,Desktop,Returning,56.1,Basic Search,No,0.0,0.1
2024-03-23,U3176,Free,Oceania,Mobile,New,100.5,API Integration,No,0.0,0.16
2024-03-12,U3183,Free,South America,Tablet,New,81.6,AI Insights,No,0.0,0.81
2024-03-13,U3045,Free,South America,Tablet,New,12.3,Basic Search,No,0.0,0.8
2024-03-02,U3036,Free,North America,Mobile,New,99.0,API Integration,No,0.0,0.68
2024-03-19,U3166,Free,Asia,Mobile,New,119.7,Dashboard Export,No,0.0,0.89
2024-03-28,U3114,Pro,Asia,Mobile,New,113.1,Landing Page View,Yes,49.99,0.17
2024-03-24,U3147,Free,South America,Desktop,New,46.5,Signup Start,No,0.0,0.18
2024-03-15,U3055,Premium,North America,Mobile,New,78.0,None,No,99.99,0.41
2024-03-03,U3141,Free,Asia,Desktop,New,50.9,Dashboard Export,No,0.0,0.63
2024-03-26,U3140,Pro,Asia,Desktop,Returning,41.9,API Integration,No,0.0,0.39
2024-03-20,U3047,Free,North America,Mobile,Returning,8.0,None,No,0.0,0.53
2024-03-06,U3197,Pro,Europe,Mobile,New,32.7,Landing Page View,Yes,49.99,0.76
2024-03-13,U3057,Pro,Asia,Mobile,New,29.1,API Integration,No,0.0,0.8
2024-03-19,U3179,Free,Europe,Tablet,Returning,113.8,Advanced Search,No,0.0,0.56
2024-03-16,U3049,Pro,Oceania,Desktop,New,59.4,Basic Search,No,0.0,0.07
2024-03-17,U3155,Free,South America,Mobile,Returning,110.2,Dashboard Export,No,0.0,0.8
2024-03-28,U3088,Pro,Asia,Mobile,New,18.6,Advanced Search,No,0.0,0.77
2024-03-12,U3135,Premium,South America,Tablet,New,41.1,API Integration,No,99.99,0.14
2024-03-21,U3041,Pro,South America,Tablet,Returning,21.7,API Integration,No,0.0,0.23
2024-03-24,U3151,Pro,Asia,Mobile,New,87.7,Signup Start,No,0.0,0.84
2024-03-20,U3198,Premium,Asia,Tablet,New,77.1,Basic Search,Yes,99.99,0.93
2024-03-03,U3037,Free,North America,Desktop,Returning,21.0,Basic Search,No,0.0,0.82
2024-03-15,U3172,Pro,Europe,Desktop,New,30.7,Basic Search,No,0.0,0.35
2024-03-15,U3028,Pro,South America,Mobile,Returning,59.7,Signup Start,Yes,49.99,0.35
2024-03-16,U3097,Free,Oceania,Tablet,New,20.4,Basic Search,No,0.0,0.79
2024-03-11,U3009,Free,Asia,Mobile,New,41.7,Signup Start,No,0.0,0.17
2024-03-29,U3020,Free,Europe,Desktop,Returning,84.8,Signup Start,No,0.0,0.93
2024-03-02,U3043,Pro,Europe,Desktop,New,117.0,Signup Start,No,0.0,0.69
2024-03-22,U3185,Premium,Asia,Desktop,New,12.4,Signup Start,No,99.99,0.57
2024-03-12,U3126,Free,Europe,Desktop,New,36.1,None,No,0.0,0.21
2024-03-21,U3007,Free,Asia,Mobile,Returning,101.4,AI Insights,No,0.0,0.78
2024-03-22,U3121,Free,Asia,Mobile,Returning,23.0,Signup Start,No,0.0,0.37
2024-03-15,U3115,Free,South America,Desktop,New,100.6,Landing Page View,No,0.0,0.16
2024-03-12,U3179,Pro,Oceania,Desktop,New,66.9,Signup Start,Yes,49.99,0.81
2024-03-30,U3108,Premium,South America,Tablet,New,57.7,Basic Search,No,99.99,0.4
2024-03-19,U3183,Free,Oceania,Tablet,New,15.3,None,No,0.0,0.18
2024-03-05,U3043,Premium,Europe,Desktop,New,118.6,Signup Start,No,99.99,0.21
2024-03-20,U3161,Free,Asia,Desktop,New,11.4,Signup Start,No,0.0,0.55
2024-03-30,U3071,Free,Europe,Tablet,Returning,14.4,Advanced Search,No,0.0,0.16
2024-03-04,U3151,Pro,Europe,Tablet,New,94.5,API Integration,No,0.0,0.87
2024-03-16,U3068,Free,Oceania,Tablet,Returning,5.5,AI Insights,No,0.0,0.4
2024-03-02,U3159,Pro,South America,Desktop,New,6.9,None,No,0.0,0.91
2024-03-27,U3096,Free,Asia,Desktop,Returning,101.3,Basic Search,No,0.0,0.96
2024-03-24,U3059,Free,South America,Desktop,Returning,87.7,Basic Search,No,0.0,0.19
2024-03-16,U3055,Premium,Oceania,Desktop,New,62.3,Advanced Search,No,99.99,0.07
2024-03-05,U3182,Free,Oceania,Tablet,New,21.7,Dashboard Export,No,0.0,0.83
2024-03-02,U3064,Free,Asia,Tablet,New,33.6,None,No,0.0,0.51
2024-03-08,U3163,Premium,Asia,Desktop,Returning,22.1,None,No,99.99,0.59
2024-03-27,U3090,Free,Asia,Tablet,New,34.9,Signup Start,No,0.0,0.06
2024-03-08,U3147,Pro,North America,Tablet,New,33.0,Signup Start,Yes,49.99,0.51
2024-03-16,U3200,Premium,North America,Tablet,New,72.5,Landing Page View,No,99.99,0.23
2024-03-31,U3156,Pro,Asia,Desktop,Returning,102.3,None,No,0.0,0.26
2024-03-17,U3120,Free,Oceania,Desktop,New,1.9,API Integration,No,0.0,0.56
2024-03-04,U3153,Pro,South America,Mobile,Returning,118.6,API Integration,No,0.0,0.85
2024-03-21,U3067,Pro,Asia,Mobile,New,62.6,Dashboard Export,No,0.0,0.89
2024-03-11,U3154,Free,North America,Tablet,New,79.0,AI Insights,No,0.0,0.26
2024-03-24,U3108,Free,Europe,Tablet,New,41.8,Dashboard Export,No,0.0,0.68
2024-03-22,U3164,Pro,Asia,Tablet,Returning,101.6,Advanced Search,No,0.0,0.3
2024-03-09,U3121,Free,Oceania,Mobile,Returning,78.9,Dashboard Export,No,0.0,0.36
2024-03-29,U3191,Premium,Asia,Desktop,Returning,70.7,None,No,99.99,0.84
2024-03-21,U3121,Free,Oceania,Tablet,New,57.2,Dashboard Export,No,0.0,0.5
2024-03-10,U3175,Free,South America,Mobile,New,17.3,Dashboard Export,No,0.0,0.35
2024-03-05,U3146,Premium,Asia,Tablet,New,93.7,None,No,99.99,0.34
2024-03-02,U3046,Free,Europe,Desktop,Returning,25.9,Advanced Search,No,0.0,0.57
2024-03-25,U3041,Free,Europe,Mobile,Returning,76.4,Signup Start,No,0.0,0.43
2024-03-02,U3123,Free,Oceania,Mobile,Returning,114.1,API Integration,No,0.0,0.75
2024-03-22,U3136,Free,Europe,Tablet,New,27.9,API Integration,No,0.0,0.32
2024-03-19,U3027,Free,Asia,Mobile,New,99.0,AI Insights,No,0.0,0.94
2024-03-11,U3117,Pro,South America,Tablet,New,41.8,None,No,0.0,0.36
2024-03-30,U3049,Free,South America,Mobile,New,27.7,Advanced Search,No,0.0,0.22
2024-03-12,U3006,Pro,Europe,Desktop,Returning,92.8,Landing Page View,Yes,49.99,0.59
2024-03-01,U3013,Pro,Europe,Tablet,New,50.6,Signup Start,No,0.0,0.13
2024-03-05,U3065,Free,North America,Tablet,New,36.8,Basic Search,No,0.0,0.66
2024-03-14,U3070,Pro,Europe,Tablet,New,34.6,Basic Search,No,0.0,0.5
2024-03-09,U3156,Free,Oceania,Mobile,Returning,84.7,AI Insights,No,0.0,0.17
2024-03-07,U3141,Free,South America,Desktop,New,1.3,Basic Search,No,0.0,0.9
2024-03-03,U3147,Pro,Oceania,Mobile,New,108.7,Dashboard Export,Yes,49.99,0.46
2024-03-02,U3076,Free,Europe,Mobile,New,102.4,API Integration,No,0.0,0.8
2024-03-04,U3081,Free,Europe,Mobile,New,102.4,Advanced Search,No,0.0,0.33
2024-03-24,U3113,Premium,Europe,Desktop,Returning,22.8,Signup Start,No,99.99,0.4
2024-03-13,U3117,Free,South America,Desktop,New,14.5,Landing Page View,No,0.0,0.97
2024-03-30,U3041,Free,Oceania,Desktop,Returning,22.6,Signup Start,No,0.0,0.77
2024-03-22,U3157,Free,North America,Desktop,Returning,14.4,Signup Start,No,0.0,0.44
2024-03-11,U3017,Free,Europe,Tablet,New,117.4,API Integration,No,0.0,0.52
2024-03-22,U3177,Pro,North America,Desktop,Returning,80.0,Signup Start,Yes,49.99,0.16
2024-03-01,U3143,Premium,North America,Tablet,Returning,102.4,Advanced Search,No,99.99,0.08
2024-03-11,U3126,Free,Asia,Mobile,New,66.5,Signup Start,No,0.0,0.41
2024-03-15,U3061,Free,Oceania,Desktop,New,102.9,None,No,0.0,0.32
2024-03-13,U3128,Pro,South America,Mobile,New,99.3,AI Insights,Yes,49.99,0.88
2024-03-22,U3144,Free,South America,Desktop,Returning,99.2,Dashboard Export,No,0.0,0.84
2024-03-16,U3085,Pro,Asia,Tablet,Returning,14.6,Dashboard Export,No,0.0,0.01
2024-03-10,U3091,Pro,Oceania,Tablet,Returning,84.5,Landing Page View,No,0.0,0.89
2024-03-23,U3127,Free,South America,Mobile,Returning,73.7,Dashboard Export,No,0.0,0.13
2024-03-27,U3101,Free,North America,Tablet,Returning,13.8,Signup Start,No,0.0,0.06
2024-03-25,U3163,Pro,South America,Desktop,New,115.7,Landing Page View,No,0.0,0.53
2024-03-19,U3013,Pro,South America,Tablet,New,83.3,Advanced Search,No,0.0,0.73
2024-03-22,U3033,Free,Oceania,Tablet,Returning,61.0,Signup Start,No,0.0,0.42
2024-03-09,U3156,Premium,South America,Desktop,Returning,54.9,Advanced Search,No,99.99,0.15
2024-03-10,U3155,Pro,Oceania,Desktop,New,24.9,AI Insights,No,0.0,0.68
2024-03-23,U3173,Free,North America,Tablet,Returning,85.5,API Integration,No,0.0,0.56
2024-03-14,U3150,Pro,Oceania,Desktop,Returning,97.2,Basic Search,No,0.0,0.03
2024-03-02,U3038,Free,North America,Desktop,New,118.0,AI Insights,No,0.0,0.15
2024-03-25,U3016,Pro,Oceania,Mobile,Returning,97.9,Basic Search,No,0.0,0.61
2024-03-24,U3173,Pro,Oceania,Desktop,New,61.8,AI Insights,No,0.0,0.69
2024-03-31,U3013,Premium,Asia,Tablet,New,2.5,AI Insights,No,99.99,0.21
2024-03-08,U3200,Premium,Asia,Tablet,New,93.4,Dashboard Export,No,99.99,0.3
2024-03-31,U3046,Premium,North America,Tablet,New,45.9,Signup Start,Yes,99.99,0.28
2024-03-19,U3068,Free,Asia,Mobile,Returning,56.5,Advanced Search,No,0.0,0.05
2024-03-21,U3083,Pro,Oceania,Tablet,Returning,59.4,API Integration,No,0.0,0.08
2024-03-08,U3182,Free,North America,Tablet,New,94.6,Advanced Search,No,0.0,0.42
2024-03-12,U3138,Free,North America,Mobile,Returning,40.4,AI Insights,No,0.0,0.22
2024-03-18,U3193,Pro,Europe,Mobile,Returning,54.0,Dashboard Export,No,0.0,0.95
2024-03-26,U3175,Premium,Europe,Desktop,Returning,65.3,AI Insights,No,99.99,0.03
2024-03-26,U3133,Pro,Oceania,Desktop,Returning,6.2,Dashboard Export,No,0.0,0.32
2024-03-31,U3022,Premium,Oceania,Tablet,New,75.6,Dashboard Export,Yes,99.99,0.67
2024-03-22,U3199,Free,South America,Mobile,New,65.0,Signup Start,No,0.0,0.64
2024-03-15,U3019,Pro,Asia,Mobile,New,9.7,Advanced Search,Yes,49.99,0.79
2024-03-27,U3143,Free,North America,Desktop,Returning,47.2,Signup Start,No,0.0,0.43
2024-03-04,U3005,Free,Oceania,Mobile,New,91.0,Landing Page View,No,0.0,0.7
2024-03-17,U3019,Free,Europe,Desktop,Returning,73.2,AI Insights,No,0.0,0.76
2024-03-27,U3113,Free,Europe,Desktop,New,64.5,Advanced Search,No,0.0,0.74
2024-03-21,U3140,Free,North America,Desktop,Returning,114.9,Landing Page View,No,0.0,0.55
2024-03-02,U3143,Free,Europe,Tablet,Returning,64.9,Basic Search,No,0.0,0.31
2024-03-07,U3192,Pro,South America,Tablet,New,20.2,Dashboard Export,No,0.0,0.61
2024-03-06,U3065,Free,Oceania,Mobile,Returning,77.7,Basic Search,No,0.0,0.29
2024-03-07,U3018,Free,Oceania,Desktop,Returning,43.5,Dashboard Export,No,0.0,0.11
2024-03-07,U3159,Free,Asia,Desktop,Returning,40.1,AI Insights,No,0.0,0.69
2024-03-11,U3040,Pro,South America,Mobile,New,38.3,Dashboard Export,No,0.0,0.71
2024-03-27,U3165,Free,Asia,Mobile,Returning,105.5,None,No,0.0,0.45
2024-03-18,U3199,Free,Europe,Mobile,New,101.2,Advanced Search,No,0.0,0.88
2024-03-29,U3051,Free,Europe,Tablet,New,107.2,Landing Page View,No,0.0,0.81
2024-03-19,U3149,Free,North America,Mobile,Returning,65.7,None,No,0.0,0.65
2024-03-08,U3039,Free,Oceania,Tablet,Returning,16.9,Basic Search,No,0.0,0.4
2024-03-08,U3129,Free,Oceania,Tablet,New,91.1,Advanced Search,No,0.0,0.45
2024-03-28,U3046,Pro,North America,Tablet,Returning,112.8,Landing Page View,No,0.0,0.22
2024-03-09,U3125,Free,Asia,Mobile,New,80.6,API Integration,No,0.0,0.39
2024-03-21,U3117,Premium,Asia,Mobile,Returning,100.3,AI Insights,Yes,99.99,0.58
2024-03-21,U3146,Free,South America,Desktop,New,62.5,Signup Start,No,0.0,0.96
2024-03-12,U3058,Free,Asia,Desktop,Returning,106.6,Landing Page View,No,0.0,0.5
2024-03-08,U3036,Free,Europe,Tablet,Returning,26.2,Advanced Search,No,0.0,0.16
2024-03-08,U3155,Pro,South America,Desktop,New,58.3,None,Yes,49.99,0.48
2024-03-27,U3152,Free,South America,Mobile,New,6.1,Advanced Search,No,0.0,0.14
2024-03-19,U3132,Free,North America,Mobile,New,31.7,Advanced Search,No,0.0,0.52
2024-03-01,U3104,Pro,Asia,Mobile,New,54.5,None,No,0.0,0.86
2024-03-14,U3044,Free,Oceania,Mobile,New,75.2,AI Insights,No,0.0,0.17
2024-03-15,U3176,Free,Oceania,Tablet,New,28.3,Signup Start,No,0.0,0.14
2024-03-28,U3005,Free,Oceania,Tablet,Returning,99.4,Basic Search,No,0.0,0.18
2024-03-18,U3158,Pro,Oceania,Mobile,New,58.4,Advanced Search,No,0.0,0.89
2024-03-25,U3139,Pro,South America,Tablet,Returning,45.1,Landing Page View,No,0.0,0.69
2024-03-26,U3110,Free,South America,Desktop,Returning,71.1,Basic Search,No,0.0,0.43
2024-03-08,U3066,Free,Europe,Desktop,Returning,31.7,Landing Page View,No,0.0,0.7
2024-03-01,U3002,Pro,South America,Tablet,New,82.8,API Integration,Yes,49.99,0.41
2024-03-21,U3028,Free,Oceania,Desktop,Returning,102.7,Signup Start,No,0.0,0.56
2024-03-22,U3157,Free,South America,Mobile,Returning,66.7,None,No,0.0,0.19
2024-03-10,U3144,Pro,Oceania,Desktop,Returning,88.6,Basic Search,No,0.0,0.74
2024-03-04,U3115,Pro,North America,Tablet,Returning,94.5,Landing Page View,No,0.0,0.17
2024-03-03,U3163,Free,North America,Desktop,Returning,11.5,AI Insights,No,0.0,0.23
2024-03-30,U3021,Pro,South America,Tablet,Returning,85.7,Landing Page View,No,0.0,0.94
2024-03-07,U3045,Pro,Oceania,Desktop,New,5.0,Dashboard Export,No,0.0,0.61
2024-03-08,U3173,Free,Europe,Mobile,New,119.6,Signup Start,No,0.0,0.36
2024-03-07,U3102,Free,Oceania,Mobile,New,110.4,AI Insights,No,0.0,0.72
2024-03-31,U3144,Premium,Asia,Mobile,New,55.1,Signup Start,No,99.99,0.57
2024-03-17,U3067,Free,Europe,Tablet,New,60.9,API Integration,No,0.0,0.94
2024-03-27,U3132,Premium,Oceania,Desktop,Returning,116.0,None,No,99.99,0.76
2024-03-25,U3194,Free,South America,Tablet,Returning,107.7,Landing Page View,No,0.0,0.48
2024-03-21,U3067,Free,North America,Tablet,New,96.2,Signup Start,No,0.0,0.95
2024-03-23,U3133,Free,Asia,Mobile,Returning,12.1,API Integration,No,0.0,0.08
2024-03-12,U3046,Free,North America,Tablet,Returning,22.8,Dashboard Export,No,0.0,0.5
2024-03-08,U3052,Free,Asia,Mobile,New,25.1,Dashboard Export,No,0.0,0.83
2024-03-04,U3092,Free,Europe,Mobile,Returning,74.0,Landing Page View,No,0.0,0.84
2024-03-29,U3096,Pro,Oceania,Desktop,Returning,22.8,AI Insights,No,0.0,0.4
2024-03-26,U3193,Pro,South America,Desktop,New,60.8,Signup Start,Yes,49.99,0.85
2024-03-04,U3199,Free,Oceania,Desktop,Returning,83.0,Landing Page View,No,0.0,0.67
2024-03-20,U3098,Pro,Asia,Mobile,Returning,29.2,None,No,0.0,0.95
2024-03-16,U3088,Free,South America,Mobile,Returning,84.4,API Integration,No,0.0,0.37
2024-03-06,U3103,Free,Oceania,Mobile,New,97.9,AI Insights,No,0.0,0.8
2024-03-13,U3143,Free,North America,Mobile,New,57.3,Landing Page View,No,0.0,0.18
2024-03-29,U3128,Free,Oceania,Tablet,Returning,94.5,AI Insights,No,0.0,0.26
2024-03-04,U3146,Free,North America,Mobile,New,97.8,None,No,0.0,0.83
2024-03-11,U3025,Free,Asia,Desktop,Returning,67.7,AI Insights,No,0.0,0.35
2024-03-28,U3106,Free,Oceania,Mobile,New,117.5,AI Insights,No,0.0,0.36
2024-03-25,U3173,Free,South America,Mobile,Returning,74.0,None,No,0.0,0.63
2024-03-30,U3038,Premium,Asia,Desktop,Returning,102.0,Basic Search,No,99.99,0.09
2024-03-11,U3088,Free,Asia,Tablet,Returning,73.0,Signup Start,No,0.0,0.28
2024-03-24,U3114,Pro,Oceania,Tablet,Returning,50.3,Advanced Search,No,0.0,0.85
2024-03-31,U3033,Pro,Europe,Mobile,New,48.2,Basic Search,No,0.0,0.07
2024-03-01,U3122,Free,South America,Tablet,New,13.4,Advanced Search,No,0.0,0.09
2024-03-08,U3100,Free,Asia,Desktop,New,16.6,Advanced Search,No,0.0,0.04
2024-03-30,U3170,Free,Asia,Desktop,Returning,117.0,AI Insights,No,0.0,0.55
2024-03-06,U3035,Premium,Oceania,Tablet,Returning,76.1,Signup Start,No,99.99,0.52
2024-03-30,U3164,Free,Asia,Desktop,New,96.8,None,No,0.0,0.31
2024-03-10,U3106,Free,Europe,Mobile,New,41.9,None,No,0.0,0.53
2024-03-16,U3177,Premium,Asia,Mobile,Returning,96.0,Dashboard Export,No,99.99,0.79
2024-03-14,U3141,Free,Oceania,Desktop,Returning,30.7,Signup Start,No,0.0,0.82
2024-03-14,U3057,Free,North America,Tablet,Returning,34.9,AI Insights,No,0.0,0.41
2024-03-10,U3018,Free,Europe,Tablet,Returning,74.5,AI Insights,No,0.0,0.7
2024-03-01,U3126,Free,North America,Mobile,New,23.1,Basic Search,No,0.0,0.29
2024-03-08,U3033,Pro,Europe,Mobile,New,59.7,API Integration,No,0.0,0.42
2024-03-26,U3128,Premium,Europe,Desktop,New,101.4,Advanced Search,No,99.99,0.06
2024-03-18,U3199,Free,South America,Mobile,New,107.6,AI Insights,No,0.0,0.81
2024-03-25,U3004,Free,North America,Desktop,Returning,30.4,Landing Page View,No,0.0,0.21
2024-03-07,U3189,Pro,South America,Desktop,Returning,112.4,Advanced Search,No,0.0,0.63
2024-03-04,U3011,Pro,Asia,Desktop,Returning,24.6,Landing Page View,No,0.0,0.86
2024-03-14,U3056,Premium,Asia,Mobile,New,95.5,Basic Search,Yes,99.99,0.4
2024-03-02,U3063,Free,Oceania,Tablet,Returning,82.9,Advanced Search,No,0.0,0.37
2024-03-16,U3023,Free,Europe,Tablet,Returning,111.8,Landing Page View,No,0.0,0.07
2024-03-18,U3166,Free,Europe,Mobile,Returning,28.7,API Integration,No,0.0,0.8
2024-03-13,U3113,Pro,Asia,Tablet,New,30.8,Landing Page View,Yes,49.99,0.49
2024-03-16,U3113,Pro,North America,Tablet,New,65.7,API Integration,No,0.0,0.73
2024-03-28,U3071,Premium,Oceania,Mobile,New,64.2,None,No,99.99,0.3
2024-03-15,U3068,Free,Europe,Tablet,Returning,88.3,Landing Page View,No,0.0,0.62
2024-03-24,U3094,Pro,Europe,Tablet,Returning,23.6,None,Yes,49.99,0.76
2024-03-21,U3040,Pro,Asia,Mobile,New,63.3,Basic Search,No,0.0,0.05
2024-03-02,U3034,Free,North America,Mobile,Returning,23.8,Landing Page View,No,0.0,0.57
2024-03-23,U3100,Pro,Oceania,Desktop,New,44.6,Basic Search,No,0.0,0.02
2024-03-27,U3054,Pro,Europe,Desktop,New,44.0,Signup Start,No,0.0,0.82
2024-03-20,U3182,Free,Asia,Tablet,New,88.4,AI Insights,No,0.0,0.09
2024-03-24,U3056,Premium,North America,Tablet,Returning,23.5,Dashboard Export,Yes,99.99,0.57
2024-03-24,U3046,Pro,Europe,Tablet,Returning,81.3,Signup Start,No,0.0,0.88
2024-03-17,U3043,Pro,Asia,Tablet,New,64.5,None,No,0.0,0.92
2024-03-28,U3081,Pro,Asia,Desktop,Returning,99.3,API Integration,No,0.0,0.61
2024-03-13,U3145,Free,Oceania,Tablet,Returning,43.8,None,No,0.0,0.45
2024-03-02,U3102,Free,Asia,Tablet,New,62.6,AI Insights,No,0.0,0.02
2024-03-11,U3057,Free,Europe,Tablet,Returning,110.4,Advanced Search,No,0.0,0.1
2024-03-05,U3118,Free,Asia,Desktop,New,28.7,AI Insights,No,0.0,0.1
2024-03-03,U3103,Pro,Asia,Desktop,New,59.1,Basic Search,Yes,49.99,0.59
2024-03-26,U3077,Free,Oceania,Desktop,New,93.8,API Integration,No,0.0,0.35
2024-03-28,U3112,Free,Europe,Mobile,New,76.4,Signup Start,No,0.0,0.06
2024-03-18,U3135,Free,Oceania,Mobile,Returning,60.8,Dashboard Export,No,0.0,0.16
2024-03-15,U3173,Pro,Oceania,Tablet,New,27.4,AI Insights,No,0.0,0.78
2024-03-03,U3038,Free,South America,Tablet,New,66.2,AI Insights,No,0.0,0.09
2024-03-23,U3129,Free,North America,Mobile,Returning,67.6,None,No,0.0,0.4
2024-03-20,U3147,Free,Oceania,Mobile,New,9.5,Signup Start,No,0.0,0.33
2024-03-22,U3148,Free,South America,Desktop,Returning,42.4,API Integration,No,0.0,0.35
2024-03-10,U3168,Free,North America,Desktop,Returning,75.2,None,No,0.0,0.05
2024-03-12,U3060,Free,North America,Tablet,New,14.4,Landing Page View,No,0.0,0.25
2024-03-27,U3159,Premium,Asia,Mobile,Returning,83.6,Basic Search,No,99.99,0.31
2024-03-07,U3121,Free,Oceania,Mobile,New,66.0,AI Insights,No,0.0,0.55
2024-03-23,U3160,Pro,Europe,Desktop,New,31.4,Landing Page View,Yes,49.99,0.29
2024-03-21,U3179,Pro,Europe,Mobile,Returning,79.6,API Integration,Yes,49.99,0.86
2024-03-29,U3005,Free,South America,Mobile,Returning,61.5,Basic Search,No,0.0,0.9
2024-03-06,U3125,Premium,North America,Tablet,Returning,67.7,Landing Page View,No,99.99,0.05
2024-03-16,U3136,Free,South America,Tablet,New,3.2,API Integration,No,0.0,0.36
2024-03-17,U3078,Free,Asia,Mobile,Returning,105.6,Landing Page View,No,0.0,0.94
2024-03-11,U3072,Free,South America,Tablet,New,11.4,Signup Start,No,0.0,0.52
2024-03-08,U3174,Pro,South America,Mobile,New,51.7,AI Insights,No,0.0,0.9
2024-03-05,U3085,Free,North America,Tablet,New,70.1,Dashboard Export,No,0.0,0.86
2024-03-30,U3080,Pro,North America,Desktop,New,79.1,Advanced Search,No,0.0,0.32
2024-03-24,U3143,Free,Europe,Mobile,Returning,100.9,Advanced Search,No,0.0,0.72
2024-03-14,U3196,Free,South America,Desktop,Returning,89.7,AI Insights,No,0.0,0.16
2024-03-06,U3049,Free,Europe,Tablet,Returning,73.1,Dashboard Export,No,0.0,0.59
2024-03-23,U3060,Pro,South America,Mobile,Returning,85.7,API Integration,No,0.0,0.19
2024-03-05,U3100,Free,North America,Mobile,New,4.8,Landing Page View,No,0.0,0.92
2024-03-22,U3106,Free,North America,Mobile,New,22.1,None,No,0.0,0.86
2024-03-29,U3126,Pro,North America,Desktop,Returning,93.4,Signup Start,No,0.0,0.72
2024-03-20,U3101,Pro,Oceania,Tablet,New,63.0,None,No,0.0,0.46
2024-03-18,U3011,Premium,South America,Tablet,New,67.4,Landing Page View,Yes,99.99,0.2
2024-03-10,U3113,Free,Asia,Desktop,New,51.3,Landing Page View,No,0.0,0.69
2024-03-21,U3037,Free,South America,Mobile,New,22.4,Advanced Search,No,0.0,0.4
2024-03-06,U3083,Free,South America,Tablet,New,106.0,Basic Search,No,0.0,0.26
2024-03-06,U3178,Pro,Europe,Mobile,New,85.0,API Integration,No,0.0,0.09
2024-03-26,U3182,Free,Oceania,Tablet,New,46.1,Signup Start,No,0.0,0.05
2024-03-22,U3044,Premium,North America,Mobile,New,22.3,Landing Page View,No,99.99,0.42
2024-03-10,U3080,Pro,North America,Mobile,New,115.3,Landing Page View,No,0.0,0.62
2024-03-16,U3065,Free,South America,Tablet,New,73.4,None,No,0.0,0.24
2024-03-15,U3151,Pro,Europe,Tablet,New,30.1,AI Insights,No,0.0,0.62
2024-03-06,U3143,Pro,North America,Mobile,Returning,5.4,Landing Page View,Yes,49.99,0.66
2024-03-30,U3155,Free,Europe,Mobile,New,50.6,Advanced Search,No,0.0,0.17
2024-03-20,U3073,Pro,Oceania,Tablet,New,116.0,API Integration,No,0.0,0.92
2024-03-29,U3024,Pro,South America,Mobile,Returning,101.4,Basic Search,No,0.0,0.3
2024-03-28,U3035,Free,Asia,Desktop,Returning,63.4,Dashboard Export,No,0.0,0.61
2024-03-17,U3028,Pro,Europe,Desktop,Returning,51.8,API Integration,No,0.0,0.26
2024-03-05,U3148,Premium,Oceania,Tablet,Returning,62.8,None,No,99.99,0.49
2024-03-10,U3047,Premium,North America,Mobile,New,3.9,Basic Search,Yes,99.99,0.73
2024-03-14,U3054,Pro,Europe,Desktop,Returning,67.7,Dashboard Export,No,0.0,0.02
2024-03-03,U3052,Pro,Asia,Desktop,Returning,92.3,Basic Search,No,0.0,0.68
2024-03-19,U3088,Free,Oceania,Mobile,New,24.1,API Integration,No,0.0,0.91
2024-03-21,U3123,Premium,North America,Desktop,New,75.6,API Integration,No,99.99,0.46
2024-03-17,U3106,Premium,Asia,Tablet,Returning,67.1,Landing Page View,Yes,99.99,0.21
2024-03-30,U3176,Free,Asia,Mobile,New,34.4,Landing Page View,No,0.0,0.34
2024-03-19,U3097,Pro,Oceania,Desktop,New,71.8,AI Insights,No,0.0,0.7
2024-03-03,U3081,Pro,South America,Mobile,Returning,54.8,AI Insights,No,0.0,0.22
2024-03-12,U3078,Free,Europe,Mobile,New,53.8,Landing Page View,No,0.0,0.79
2024-03-11,U3129,Free,South America,Tablet,Returning,93.3,Advanced Search,No,0.0,0.76
2024-03-22,U3026,Pro,North America,Mobile,New,55.7,Basic Search,No,0.0,0.01
2024-03-03,U3012,Pro,Asia,Desktop,New,13.3,AI Insights,No,0.0,0.03
2024-03-29,U3195,Free,North America,Desktop,New,23.9,AI Insights,No,0.0,0.53
2024-03-04,U3198,Free,Asia,Mobile,New,33.6,Landing Page View,No,0.0,0.95
2024-03-07,U3144,Free,Oceania,Desktop,Returning,33.3,AI Insights,No,0.0,0.57
2024-03-20,U3044,Free,Asia,Tablet,Returning,7.0,Landing Page View,No,0.0,0.47
2024-03-13,U3173,Free,Europe,Mobile,Returning,47.6,None,No,0.0,0.61
2024-03-07,U3080,Free,Oceania,Mobile,Returning,68.6,Basic Search,No,0.0,0.81
2024-03-15,U3179,Free,Asia,Tablet,Returning,57.0,Dashboard Export,No,0.0,0.15
2024-03-12,U3158,Free,South America,Mobile,Returning,94.9,API Integration,No,0.0,0.45
2024-03-04,U3008,Free,Asia,Desktop,Returning,101.6,AI Insights,No,0.0,0.76
2024-03-13,U3155,Pro,Europe,Desktop,New,95.3,None,No,0.0,0.4
2024-03-08,U3106,Free,Oceania,Mobile,Returning,46.7,API Integration,No,0.0,0.21
2024-03-14,U3178,Pro,Oceania,Desktop,New,21.6,Basic Search,No,0.0,0.73
2024-03-19,U3183,Pro,Oceania,Desktop,Returning,67.1,None,No,0.0,0.18
2024-03-04,U3104,Free,Oceania,Desktop,Returning,59.8,Landing Page View,No,0.0,0.1
2024-03-21,U3036,Premium,Europe,Mobile,New,54.9,AI Insights,No,99.99,0.39
2024-03-07,U3148,Free,Asia,Desktop,Returning,110.3,Signup Start,No,0.0,0.71
2024-03-20,U3089,Premium,Oceania,Desktop,New,102.4,Landing Page View,No,99.99,0.37
2024-03-18,U3141,Premium,Asia,Mobile,Returning,104.0,Dashboard Export,Yes,99.99,0.43
2024-03-11,U3152,Free,South America,Desktop,Returning,52.8,Dashboard Export,No,0.0,0.66
2024-03-18,U3122,Free,South America,Desktop,Returning,19.4,Advanced Search,No,0.0,0.14
2024-03-29,U3019,Pro,South America,Tablet,Returning,117.0,Advanced Search,Yes,49.99,0.09
2024-03-29,U3165,Pro,Oceania,Desktop,New,55.1,Signup Start,No,0.0,0.55
2024-03-08,U3116,Free,North America,Desktop,New,69.8,Dashboard Export,No,0.0,0.71
2024-03-18,U3069,Free,Oceania,Desktop,New,117.4,None,No,0.0,0.7
2024-03-03,U3029,Pro,North America,Tablet,Returning,56.3,Basic Search,No,0.0,0.52
2024-03-16,U3157,Free,Europe,Tablet,Returning,74.0,API Integration,No,0.0,0.53
2024-03-17,U3003,Free,South America,Tablet,Returning,51.1,AI Insights,No,0.0,0.29
2024-03-10,U3010,Pro,Oceania,Desktop,New,75.9,Advanced Search,No,0.0,0.57
2024-03-20,U3169,Premium,Europe,Desktop,Returning,10.8,Basic Search,No,99.99,0.84
2024-03-20,U3072,Free,Asia,Desktop,Returning,2.7,Basic Search,No,0.0,0.6
2024-03-12,U3152,Pro,North America,Desktop,New,58.7,Landing Page View,No,0.0,0.35
2024-03-27,U3022,Premium,North America,Desktop,Returning,92.7,Dashboard Export,No,99.99,0.66
2024-03-24,U3186,Pro,Asia,Mobile,Returning,90.9,Basic Search,Yes,49.99,0.06
2024-03-10,U3119,Free,South America,Tablet,New,46.2,Signup Start,No,0.0,0.48
2024-03-14,U3038,Free,Europe,Desktop,Returning,46.5,API Integration,No,0.0,0.95
2024-03-18,U3175,Premium,Asia,Desktop,Returning,40.9,AI Insights,Yes,99.99,0.8
2024-03-25,U3066,Pro,North America,Tablet,New,62.9,Advanced Search,No,0.0,0.32
2024-03-01,U3003,Pro,South America,Mobile,New,82.6,API Integration,No,0.0,0.23
2024-03-02,U3073,Free,Europe,Tablet,New,7.8,Dashboard Export,No,0.0,0.94
2024-03-31,U3164,Free,Europe,Mobile,New,45.7,Advanced Search,No,0.0,0.89
2024-03-10,U3179,Free,South America,Tablet,New,77.0,AI Insights,No,0.0,0.76
2024-03-11,U3178,Premium,Asia,Mobile,New,34.0,Landing Page View,No,99.99,0.39
2024-03-27,U3086,Premium,Asia,Mobile,Returning,9.3,Dashboard Export,No,99.99,0.61
2024-03-18,U3046,Pro,South America,Mobile,New,109.6,AI Insights,Yes,49.99,0.11
2024-03-24,U3019,Free,Asia,Desktop,New,107.7,Advanced Search,No,0.0,0.65
2024-03-09,U3001,Premium,North America,Tablet,Returning,108.6,Landing Page View,No,99.99,0.52
2024-03-14,U3198,Free,South America,Tablet,New,65.3,Landing Page View,No,0.0,0.39
2024-03-19,U3177,Pro,Oceania,Desktop,Returning,82.1,Signup Start,No,0.0,0.06
2024-03-18,U3166,Free,Asia,Mobile,Returning,91.5,AI Insights,No,0.0,0.64
2024-03-22,U3046,Pro,North America,Desktop,Returning,107.7,API Integration,No,0.0,0.49
2024-03-07,U3162,Free,North America,Mobile,New,4.0,Dashboard Export,No,0.0,0.49
2024-03-16,U3017,Pro,Oceania,Desktop,New,5.4,Landing Page View,No,0.0,0.34
2024-03-04,U3185,Free,North America,Tablet,Returning,112.9,Advanced Search,No,0.0,0.74
2024-03-05,U3060,Premium,South America,Tablet,New,57.1,Landing Page View,Yes,99.99,0.25
2024-03-06,U3167,Free,Europe,Desktop,New,55.3,Advanced Search,No,0.0,0.83
2024-03-16,U3017,Pro,Oceania,Tablet,New,8.5,Dashboard Export,Yes,49.99,0.43
2024-03-22,U3189,Pro,Oceania,Tablet,New,39.3,Dashboard Export,No,0.0,0.76
2024-03-03,U3152,Free,Europe,Desktop,New,91.1,Advanced Search,No,0.0,0.69
2024-03-08,U3142,Free,Oceania,Mobile,New,12.9,Signup Start,No,0.0,0.77
2024-03-01,U3005,Premium,North America,Mobile,Returning,50.5,None,Yes,99.99,0.69
2024-03-09,U3053,Free,Oceania,Desktop,Returning,29.5,Advanced Search,No,0.0,0.61
2024-03-20,U3010,Pro,Europe,Tablet,Returning,42.4,Landing Page View,No,0.0,0.56
2024-03-17,U3050,Free,Europe,Tablet,Returning,103.7,Dashboard Export,No,0.0,0.46
2024-03-07,U3161,Pro,Europe,Mobile,Returning,60.2,Advanced Search,No,0.0,0.67
2024-03-12,U3012,Free,Asia,Mobile,Returning,30.9,None,No,0.0,0.05
2024-03-18,U3190,Free,North America,Mobile,New,58.7,Basic Search,No,0.0,0.08
2024-03-11,U3061,Pro,South America,Mobile,Returning,28.4,Basic Search,No,0.0,0.33
2024-03-14,U3026,Free,North America,Desktop,New,9.8,None,No,0.0,0.06
2024-03-30,U3112,Free,Oceania,Desktop,New,47.1,Advanced Search,No,0.0,0.46
2024-03-07,U3050,Pro,Asia,Mobile,New,83.4,Landing Page View,No,0.0,0.28
2024-03-06,U3029,Premium,Asia,Mobile,Returning,72.8,Advanced Search,No,99.99,0.58
2024-03-28,U3142,Premium,Oceania,Desktop,New,71.4,None,Yes,99.99,0.28
2024-03-28,U3187,Free,North America,Mobile,Returning,52.7,Dashboard Export,No,0.0,0.88
2024-03-29,U3152,Premium,Europe,Desktop,New,5.8,None,No,99.99,0.73
2024-03-17,U3130,Free,South America,Desktop,New,54.8,Dashboard Export,No,0.0,0.09
2024-03-24,U3193,Free,South America,Mobile,New,43.7,Dashboard Export,No,0.0,0.64
2024-03-22,U3024,Free,Asia,Mobile,Returning,103.1,Landing Page View,No,0.0,0.97
2024-03-13,U3119,Pro,North America,Desktop,Returning,84.8,Landing Page View,No,0.0,0.85
2024-03-23,U3019,Free,Asia,Tablet,New,36.3,AI Insights,No,0.0,0.69
2024-03-26,U3157,Free,North America,Tablet,New,74.8,API Integration,No,0.0,0.73
2024-03-30,U3015,Free,Asia,Mobile,New,46.6,None,No,0.0,0.62
2024-03-21,U3094,Free,Oceania,Tablet,New,67.7,Dashboard Export,No,0.0,0.15
2024-03-04,U3086,Free,South America,Tablet,New,90.6,Dashboard Export,No,0.0,0.32
2024-03-14,U3069,Free,Asia,Mobile,New,45.4,None,No,0.0,0.49
2024-03-18,U3135,Pro,Oceania,Desktop,Returning,74.9,Basic Search,No,0.0,0.19
2024-03-13,U3118,Free,North America,Desktop,New,14.0,AI Insights,No,0.0,0.12
2024-03-28,U3038,Free,North America,Tablet,New,35.9,Advanced Search,No,0.0,0.47
2024-03-21,U3108,Free,Europe,Desktop,New,8.5,Dashboard Export,No,0.0,0.83
2024-03-11,U3134,Pro,Asia,Desktop,Returning,55.5,Advanced Search,No,0.0,0.89
2024-03-09,U3079,Free,North America,Desktop,Returning,116.5,Landing Page View,No,0.0,0.16
2024-03-06,U3073,Free,Oceania,Mobile,Returning,22.7,Advanced Search,No,0.0,0.83
2024-03-06,U3178,Premium,North America,Mobile,New,119.3,Advanced Search,No,99.99,0.44
2024-03-18,U3095,Free,Europe,Tablet,Returning,117.4,Advanced Search,No,0.0,0.38
2024-03-04,U3139,Premium,Europe,Desktop,Returning,92.5,None,No,99.99,0.92
2024-03-24,U3040,Free,Oceania,Tablet,Returning,78.0,AI Insights,No,0.0,0.47
2024-03-19,U3075,Premium,North America,Tablet,Returning,41.3,Basic Search,No,99.99,0.73
2024-03-18,U3011,Free,Europe,Desktop,New,48.8,Dashboard Export,No,0.0,0.45
2024-03-20,U3024,Free,North America,Tablet,New,94.0,AI Insights,No,0.0,0.2
2024-03-15,U3022,Free,Europe,Tablet,Returning,24.1,API Integration,No,0.0,0.6
2024-03-12,U3131,Premium,South America,Mobile,Returning,45.0,API Integration,No,99.99,0.02
2024-03-15,U3089,Free,Oceania,Mobile,New,87.6,None,No,0.0,0.74
2024-03-26,U3107,Pro,South America,Tablet,Returning,17.6,Basic Search,No,0.0,0.15
2024-03-28,U3078,Free,Oceania,Desktop,New,112.0,Signup Start,No,0.0,0.1
2024-03-06,U3105,Pro,Oceania,Desktop,New,24.7,Signup Start,No,0.0,0.29
2024-03-27,U3126,Free,Asia,Tablet,Returning,59.8,None,No,0.0,0.23
2024-03-10,U3001,Free,South America,Mobile,Returning,50.6,None,No,0.0,0.9
2024-03-04,U3166,Free,Asia,Desktop,New,72.3,API Integration,No,0.0,0.58
2024-03-09,U3145,Free,South America,Tablet,New,45.4,Landing Page View,No,0.0,0.84
2024-03-15,U3042,Pro,North America,Desktop,New,7.3,API Integration,Yes,49.99,0.42
2024-03-10,U3092,Free,Oceania,Tablet,New,62.2,Advanced Search,No,0.0,0.76
2024-03-28,U3154,Pro,Asia,Tablet,Returning,33.3,API Integration,No,0.0,0.1
2024-03-05,U3149,Free,Europe,Mobile,Returning,45.4,None,No,0.0,0.41
2024-03-05,U3042,Free,Oceania,Mobile,New,95.6,Basic Search,No,0.0,0.42
2024-03-05,U3020,Free,Europe,Desktop,Returning,38.1,API Integration,No,0.0,0.15
2024-03-25,U3114,Premium,Asia,Mobile,Returning,4.4,Basic Search,No,99.99,0.23
2024-03-08,U3178,Free,Asia,Mobile,New,16.5,Basic Search,No,0.0,0.43
2024-03-25,U3196,Pro,South America,Desktop,New,24.4,Landing Page View,Yes,49.99,0.79
2024-03-30,U3132,Pro,Asia,Mobile,New,36.9,Landing Page View,No,0.0,0.75
2024-03-29,U3032,Premium,North America,Mobile,Returning,4.5,Advanced Search,Yes,99.99,0.84
2024-03-06,U3072,Premium,Oceania,Tablet,New,61.1,Basic Search,No,99.99,0.11
2024-03-23,U3149,Pro,North America,Desktop,New,108.3,Landing Page View,No,0.0,0.96
2024-03-28,U3026,Premium,South America,Desktop,New,53.3,Basic Search,No,99.99,0.19
2024-03-17,U3091,Premium,North America,Desktop,New,91.6,API Integration,No,99.99,0.13
2024-03-16,U3029,Free,Asia,Tablet,Returning,67.3,Landing Page View,No,0.0,0.09
2024-03-10,U3127,Free,South America,Tablet,Returning,82.8,None,No,0.0,0.23
2024-03-28,U3105,Free,South America,Mobile,New,107.5,None,No,0.0,0.93
2024-03-22,U3095,Free,South America,Tablet,New,48.2,Basic Search,No,0.0,0.13
2024-03-19,U3102,Free,Europe,Tablet,New,8.7,Dashboard Export,No,0.0,0.34
2024-03-08,U3153,Pro,South America,Tablet,Returning,34.1,AI Insights,No,0.0,0.75
2024-03-22,U3165,Premium,Oceania,Desktop,Returning,61.9,Advanced Search,No,99.99,0.76
2024-03-16,U3028,Free,South America,Mobile,New,4.5,Landing Page View,No,0.0,0.82
2024-03-13,U3128,Pro,Oceania,Tablet,Returning,19.2,Basic Search,No,0.0,0.75
2024-03-26,U3170,Pro,South America,Mobile,Returning,79.8,None,No,0.0,0.5
2024-03-28,U3139,Free,Oceania,Tablet,New,114.4,Landing Page View,No,0.0,0.98
2024-03-11,U3031,Free,South America,Desktop,Returning,5.3,Advanced Search,No,0.0,0.56
2024-03-23,U3200,Free,North America,Desktop,Returning,17.0,Signup Start,No,0.0,0.49
2024-03-18,U3029,Pro,Oceania,Tablet,Returning,57.6,Advanced Search,No,0.0,0.51
2024-03-19,U3101,Free,South America,Tablet,Returning,92.2,AI Insights,No,0.0,0.32
2024-03-12,U3008,Pro,Asia,Tablet,New,92.1,API Integration,Yes,49.99,0.38
2024-03-12,U3110,Free,South America,Desktop,New,79.7,Dashboard Export,No,0.0,0.24
2024-03-03,U3080,Pro,Asia,Mobile,Returning,21.2,API Integration,No,0.0,0.05
2024-03-29,U3169,Premium,South America,Desktop,New,83.8,Landing Page View,No,99.99,0.98
2024-03-04,U3097,Pro,South America,Mobile,New,41.0,API Integration,No,0.0,0.17
2024-03-14,U3077,Free,North America,Desktop,New,101.0,Dashboard Export,No,0.0,0.29
2024-03-19,U3013,Free,South America,Mobile,New,86.4,Basic Search,No,0.0,0.59
2024-03-26,U3070,Free,Oceania,Desktop,Returning,26.0,Basic Search,No,0.0,0.65
2024-03-10,U3078,Free,South America,Tablet,Returning,24.8,Signup Start,No,0.0,0.26
2024-03-25,U3132,Free,Oceania,Mobile,New,75.7,Advanced Search,No,0.0,0.58
2024-03-31,U3055,Pro,South America,Desktop,Returning,112.2,Landing Page View,No,0.0,0.52
2024-03-08,U3094,Free,North America,Tablet,Returning,101.5,Signup Start,No,0.0,0.32
2024-03-09,U3017,Pro,Asia,Tablet,New,31.5,Dashboard Export,No,0.0,0.41
2024-03-01,U3030,Free,North America,Desktop,Returning,58.8,Signup Start,No,0.0,0.42
2024-03-09,U3010,Free,North America,Mobile,Returning,95.0,AI Insights,No,0.0,0.66
2024-03-24,U3046,Pro,South America,Mobile,New,103.3,Basic Search,Yes,49.99,0.32
2024-03-14,U3077,Premium,Asia,Tablet,New,48.2,Advanced Search,No,99.99,0.24
2024-03-17,U3147,Pro,Oceania,Tablet,Returning,60.1,Basic Search,No,0.0,0.24
2024-03-27,U3032,Pro,Oceania,Tablet,Returning,96.9,Dashboard Export,No,0.0,0.93
2024-03-06,U3056,Free,North America,Desktop,Returning,49.6,Landing Page View,No,0.0,0.49
2024-03-18,U3096,Pro,South America,Desktop,New,115.6,Advanced Search,Yes,49.99,0.37
2024-03-10,U3184,Free,Europe,Tablet,New,101.1,Landing Page View,No,0.0,0.69
2024-03-18,U3172,Free,South America,Desktop,Returning,108.5,Basic Search,No,0.0,0.53
2024-03-30,U3061,Premium,South America,Desktop,Returning,11.7,Dashboard Export,No,99.99,0.3
2024-03-29,U3042,Premium,South America,Mobile,Returning,104.1,None,No,99.99,0.47
2024-03-14,U3106,Premium,Europe,Mobile,Returning,61.3,API Integration,No,99.99,0.42
2024-03-15,U3187,Pro,Europe,Mobile,New,76.0,Advanced Search,No,0.0,0.01
2024-03-03,U3052,Pro,Europe,Mobile,New,62.4,Advanced Search,No,0.0,0.84
2024-03-31,U3176,Free,Asia,Desktop,Returning,104.9,Advanced Search,No,0.0,0.27
2024-03-10,U3176,Pro,North America,Mobile,Returning,44.7,Signup Start,No,0.0,0.87
2024-03-31,U3147,Free,Europe,Tablet,New,108.9,None,No,0.0,0.2
2024-03-20,U3180,Premium,South America,Tablet,Returning,18.8,API Integration,Yes,99.99,0.18
2024-03-23,U3146,Free,Oceania,Desktop,Returning,99.4,None,No,0.0,0.13
2024-03-31,U3183,Free,Asia,Desktop,Returning,46.5,Signup Start,No,0.0,0.85
2024-03-27,U3154,Free,Asia,Tablet,New,50.8,Signup Start,No,0.0,0.79
2024-03-09,U3008,Free,North America,Tablet,Returning,109.0,API Integration,No,0.0,0.58
2024-03-01,U3166,Free,South America,Mobile,Returning,117.0,Signup Start,No,0.0,0.68
2024-03-14,U3183,Free,Oceania,Desktop,New,12.3,Landing Page View,No,0.0,0.06
2024-03-12,U3061,Free,Oceania,Tablet,New,1.6,Signup Start,No,0.0,0.31
2024-03-29,U3102,Pro,Oceania,Mobile,New,32.0,None,Yes,49.99,0.92
2024-03-11,U3120,Free,Oceania,Desktop,New,32.0,API Integration,No,0.0,0.05
2024-03-27,U3033,Free,Asia,Tablet,Returning,111.2,AI Insights,No,0.0,0.89
2024-03-09,U3068,Pro,Oceania,Desktop,Returning,107.2,API Integration,No,0.0,0.73
2024-03-28,U3126,Pro,South America,Mobile,New,18.7,Dashboard Export,Yes,49.99,0.19
2024-03-23,U3121,Free,South America,Desktop,New,119.4,None,No,0.0,0.05
2024-03-15,U3092,Premium,South America,Mobile,New,15.7,Basic Search,No,99.99,0.21
2024-03-06,U3073,Free,Oceania,Desktop,New,70.4,Landing Page View,No,0.0,0.53
2024-03-30,U3147,Free,Europe,Mobile,Returning,81.6,API Integration,No,0.0,0.04
2024-03-12,U3175,Premium,Oceania,Mobile,Returning,19.3,Basic Search,Yes,99.99,0.46
2024-03-31,U3182,Pro,Asia,Tablet,New,40.2,Landing Page View,No,0.0,0.65
2024-03-24,U3116,Free,Oceania,Mobile,New,103.7,AI Insights,No,0.0,0.33
2024-03-20,U3015,Pro,South America,Mobile,Returning,31.4,Dashboard Export,No,0.0,0.96
2024-03-28,U3103,Free,North America,Mobile,Returning,93.8,AI Insights,No,0.0,0.64
2024-03-10,U3168,Free,South America,Desktop,Returning,108.5,Advanced Search,No,0.0,0.36
2024-03-16,U3025,Pro,South America,Desktop,Returning,32.9,Signup Start,No,0.0,0.1
2024-03-14,U3109,Pro,South America,Mobile,New,62.1,None,No,0.0,0.67
2024-03-16,U3166,Pro,Oceania,Tablet,New,35.6,Signup Start,Yes,49.99,0.09
2024-03-05,U3123,Free,Asia,Mobile,Returning,36.2,Landing Page View,No,0.0,0.55
2024-03-17,U3012,Free,South America,Desktop,New,56.3,AI Insights,No,0.0,0.36
2024-03-17,U3150,Free,Europe,Mobile,Returning,22.4,Advanced Search,No,0.0,0.84
2024-03-29,U3012,Free,Asia,Desktop,Returning,91.1,None,No,0.0,0.62
2024-03-30,U3068,Free,North America,Mobile,New,10.3,AI Insights,No,0.0,0.86
2024-03-01,U3028,Free,Europe,Desktop,New,2.6,None,No,0.0,0.46
2024-03-20,U3104,Premium,South America,Desktop,Returning,83.2,Signup Start,No,99.99,0.8
2024-03-01,U3023,Free,North America,Mobile,New,83.8,Dashboard Export,No,0.0,0.85
2024-03-05,U3054,Free,North America,Desktop,New,11.2,None,No,0.0,0.16
2024-03-06,U3109,Free,North America,Tablet,Returning,115.7,None,No,0.0,0.03
2024-03-19,U3116,Pro,South America,Mobile,Returning,1.9,Signup Start,Yes,49.99,0.97
2024-03-18,U3127,Pro,Asia,Mobile,Returning,48.6,None,No,0.0,0.24
2024-03-14,U3016,Free,Oceania,Desktop,New,32.9,Signup Start,No,0.0,0.88
2024-03-31,U3030,Free,Asia,Desktop,Returning,3.5,AI Insights,No,0.0,0.72
2024-03-08,U3121,Free,Oceania,Mobile,Returning,110.7,None,No,0.0,0.14
2024-03-14,U3076,Pro,Asia,Desktop,New,75.0,AI Insights,No,0.0,0.69
2024-03-07,U3023,Pro,North America,Tablet,Returning,13.0,Signup Start,Yes,49.99,0.93
2024-03-07,U3127,Free,Oceania,Mobile,New,43.7,AI Insights,No,0.0,0.36
2024-03-28,U3041,Free,Oceania,Mobile,New,41.2,Basic Search,No,0.0,0.62
2024-03-11,U3031,Pro,Asia,Mobile,Returning,107.7,Basic Search,No,0.0,0.7
2024-03-25,U3113,Pro,Europe,Mobile,New,99.0,Landing Page View,No,0.0,0.51
2024-03-30,U3043,Pro,Asia,Mobile,Returning,85.3,None,No,0.0,0.73
2024-03-12,U3026,Free,Asia,Mobile,New,102.0,None,No,0.0,0.96
2024-03-26,U3197,Pro,South America,Desktop,Returning,61.1,Basic Search,Yes,49.99,0.27
2024-03-22,U3184,Pro,North America,Mobile,Returning,94.7,Advanced Search,No,0.0,0.8
2024-03-31,U3106,Premium,Oceania,Tablet,Returning,113.3,None,No,99.99,0.15
2024-03-03,U3003,Pro,Europe,Desktop,Returning,48.8,Advanced Search,No,0.0,0.44
2024-03-21,U3101,Pro,North America,Tablet,New,117.4,AI Insights,No,0.0,0.42
2024-03-24,U3175,Pro,Asia,Desktop,New,99.4,Advanced Search,No,0.0,0.7
2024-03-20,U3115,Pro,Oceania,Tablet,Returning,84.0,Signup Start,No,0.0,0.77
2024-03-18,U3078,Free,Asia,Desktop,New,62.9,AI Insights,No,0.0,0.22
2024-03-25,U3131,Pro,North America,Mobile,New,106.9,AI Insights,No,0.0,0.25
2024-03-14,U3199,Free,Oceania,Mobile,New,101.1,AI Insights,No,0.0,0.62
2024-03-25,U3091,Free,Europe,Desktop,Returning,69.1,Landing Page View,No,0.0,0.45
2024-03-19,U3061,Pro,Oceania,Tablet,New,42.7,AI Insights,No,0.0,0.66
2024-03-13,U3184,Pro,Oceania,Tablet,New,13.5,Dashboard Export,Yes,49.99,0.82
2024-03-05,U3093,Free,South America,Desktop,New,12.0,Signup Start,No,0.0,0.88
2024-03-03,U3122,Free,Asia,Tablet,Returning,71.0,Signup Start,No,0.0,0.86
2024-03-14,U3150,Free,South America,Tablet,Returning,88.1,Signup Start,No,0.0,0.82
2024-03-16,U3037,Free,South America,Mobile,New,83.6,None,No,0.0,0.47
2024-03-18,U3192,Free,Asia,Mobile,Returning,14.1,API Integration,No,0.0,0.57
2024-03-04,U3011,Free,Asia,Desktop,Returning,37.1,None,No,0.0,0.04
2024-03-19,U3037,Free,South America,Mobile,Returning,106.8,Dashboard Export,No,0.0,0.19
2024-03-04,U3190,Free,Oceania,Desktop,New,104.6,Signup Start,No,0.0,0.48
2024-03-26,U3080,Pro,South America,Desktop,New,91.7,None,No,0.0,0.76
2024-03-28,U3171,Free,Asia,Mobile,Returning,47.1,Signup Start,No,0.0,0.34
2024-03-24,U3012,Premium,Asia,Tablet,New,104.0,Landing Page View,No,99.99,0.57
2024-03-04,U3198,Pro,Oceania,Mobile,New,114.7,Landing Page View,No,0.0,0.95
2024-03-16,U3134,Free,Oceania,Mobile,New,79.3,Advanced Search,No,0.0,0.95
2024-03-23,U3071,Pro,Oceania,Desktop,New,97.0,API Integration,Yes,49.99,0.4
2024-03-30,U3012,Free,Europe,Desktop,Returning,22.5,Landing Page View,No,0.0,0.85
2024-03-03,U3082,Free,Europe,Mobile,New,35.0,Advanced Search,No,0.0,0.26
2024-03-31,U3023,Free,South America,Tablet,New,8.0,API Integration,No,0.0,0.19
2024-03-13,U3183,Free,Europe,Desktop,New,50.1,API Integration,No,0.0,0.26
2024-03-08,U3031,Free,Oceania,Tablet,New,59.7,Signup Start,No,0.0,0.94
2024-03-15,U3069,Free,Oceania,Desktop,New,58.6,Signup Start,No,0.0,0.63
2024-03-31,U3005,Free,Oceania,Tablet,New,30.3,Advanced Search,No,0.0,0.31
2024-03-28,U3105,Free,Oceania,Mobile,New,45.4,Advanced Search,No,0.0,0.78
2024-03-18,U3138,Premium,South America,Mobile,New,97.7,AI Insights,No,99.99,0.65
2024-03-30,U3043,Free,South America,Desktop,Returning,100.9,Signup Start,No,0.0,0.99
2024-03-27,U3162,Free,Oceania,Desktop,New,20.2,Basic Search,No,0.0,0.3
2024-03-24,U3102,Pro,Oceania,Desktop,Returning,26.1,API Integration,No,0.0,0.88
2024-03-23,U3088,Pro,South America,Desktop,New,79.8,API Integration,No,0.0,0.34
2024-03-30,U3118,Premium,North America,Tablet,New,73.4,Landing Page View,No,99.99,0.89
2024-03-18,U3173,Free,South America,Desktop,New,94.7,Basic Search,No,0.0,0.54
2024-03-04,U3172,Free,Asia,Desktop,Returning,47.0,Landing Page View,No,0.0,0.13
2024-03-08,U3095,Premium,Europe,Desktop,Returning,23.8,AI Insights,No,99.99,0.8
2024-03-16,U3057,Free,Asia,Mobile,Returning,59.6,Dashboard Export,No,0.0,0.02
2024-03-28,U3164,Free,Asia,Tablet,Returning,21.3,Dashboard Export,No,0.0,0.66
2024-03-06,U3145,Pro,Europe,Tablet,New,89.8,Advanced Search,No,0.0,0.26
2024-03-24,U3146,Premium,Asia,Mobile,New,119.0,AI Insights,No,99.99,0.68
2024-03-14,U3117,Free,Europe,Desktop,Returning,101.5,Signup Start,No,0.0,0.28
2024-03-16,U3175,Free,Asia,Tablet,New,106.2,Dashboard Export,No,0.0,0.06
2024-03-11,U3108,Free,Europe,Desktop,New,40.8,Landing Page View,No,0.0,0.98
2024-03-03,U3058,Premium,North America,Mobile,New,40.2,Basic Search,No,99.99,0.62
2024-03-14,U3025,Free,Europe,Tablet,Returning,101.0,Dashboard Export,No,0.0,0.12
2024-03-27,U3062,Premium,Asia,Tablet,New,113.3,None,No,99.99,0.76
2024-03-04,U3161,Free,Europe,Mobile,New,45.9,Basic Search,No,0.0,0.78
2024-03-10,U3016,Premium,Oceania,Tablet,Returning,8.8,Landing Page View,No,99.99,0.56
2024-03-20,U3076,Pro,South America,Mobile,New,55.0,None,No,0.0,0.79
2024-03-31,U3159,Pro,Europe,Desktop,Returning,70.9,Basic Search,No,0.0,0.11
2024-03-27,U3153,Pro,North America,Tablet,New,76.8,AI Insights,No,0.0,0.36
2024-03-08,U3124,Pro,North America,Mobile,New,16.2,Signup Start,No,0.0,0.51
2024-03-29,U3167,Pro,Oceania,Mobile,New,56.9,API Integration,No,0.0,0.3
2024-03-22,U3003,Free,North America,Mobile,New,61.3,Landing Page View,No,0.0,0.42
2024-03-07,U3051,Premium,Europe,Desktop,New,80.5,None,No,99.99,0.6
2024-03-11,U3085,Premium,Oceania,Desktop,Returning,40.1,Basic Search,No,99.99,0.46
2024-03-30,U3011,Free,Europe,Tablet,New,83.5,None,No,0.0,0.62
2024-03-25,U3062,Free,Asia,Tablet,Returning,25.4,Advanced Search,No,0.0,0.82
2024-03-03,U3002,Free,Asia,Mobile,New,17.9,None,No,0.0,0.2
2024-03-01,U3150,Premium,North America,Mobile,Returning,21.7,AI Insights,No,99.99,0.71
2024-03-07,U3087,Pro,Europe,Mobile,Returning,109.4,Landing Page View,Yes,49.99,0.82
2024-03-26,U3036,Free,Europe,Desktop,New,37.3,Dashboard Export,No,0.0,0.37
2024-03-26,U3096,Pro,Oceania,Desktop,New,15.1,Advanced Search,No,0.0,0.79
2024-03-23,U3050,Free,Asia,Desktop,Returning,117.3,Dashboard Export,No,0.0,0.91
2024-03-18,U3196,Pro,Asia,Mobile,Returning,30.4,AI Insights,Yes,49.99,0.87
2024-03-07,U3131,Premium,Europe,Desktop,New,20.9,Signup Start,No,99.99,0.75
2024-03-17,U3166,Pro,South America,Mobile,Returning,85.8,None,No,0.0,0.71
2024-03-19,U3127,Free,South America,Tablet,New,25.7,Dashboard Export,No,0.0,0.45
2024-03-10,U3061,Free,South America,Desktop,New,112.3,API Integration,No,0.0,0.26
2024-03-03,U3022,Free,Asia,Desktop,Returning,28.4,Landing Page View,No,0.0,0.47
2024-03-15,U3160,Free,South America,Desktop,Returning,44.7,None,No,0.0,0.32
2024-03-15,U3098,Free,North America,Desktop,New,43.7,Basic Search,No,0.0,0.3
2024-03-21,U3129,Free,Europe,Desktop,New,12.7,Basic Search,No,0.0,0.36
2024-03-07,U3140,Free,Asia,Desktop,Returning,89.7,AI Insights,No,0.0,0.2
2024-03-25,U3155,Premium,Oceania,Desktop,New,92.6,AI Insights,No,99.99,0.82
2024-03-25,U3104,Premium,Europe,Desktop,New,104.0,Dashboard Export,No,99.99,0.23
2024-03-08,U3192,Free,Oceania,Tablet,Returning,87.0,None,No,0.0,0.34
2024-03-07,U3022,Free,South America,Tablet,Returning,25.9,None,No,0.0,0.85
2024-03-19,U3008,Free,North America,Desktop,New,60.5,API Integration,No,0.0,0.34
2024-03-25,U3108,Free,South America,Tablet,Returning,39.8,Landing Page View,No,0.0,0.57
2024-03-31,U3009,Premium,Asia,Tablet,Returning,117.6,Dashboard Export,Yes,99.99,0.94
2024-03-07,U3017,Free,South America,Mobile,Returning,68.8,None,No,0.0,0.64
2024-03-04,U3078,Free,Oceania,Mobile,New,99.4,None,No,0.0,0.04
2024-03-31,U3051,Free,South America,Desktop,New,28.7,Basic Search,No,0.0,0.46
2024-03-06,U3095,Free,Asia,Desktop,Returning,19.7,Basic Search,No,0.0,0.14
2024-03-03,U3108,Free,South America,Mobile,New,104.6,AI Insights,No,0.0,0.43
2024-03-19,U3182,Pro,Asia,Tablet,New,60.8,None,Yes,49.99,0.28
2024-03-27,U3002,Premium,South America,Tablet,New,63.6,None,No,99.99,0.46
2024-03-03,U3148,Free,Asia,Tablet,Returning,42.3,AI Insights,No,0.0,0.39
2024-03-06,U3045,Free,Oceania,Tablet,Returning,55.5,Advanced Search,No,0.0,0.69
2024-03-31,U3025,Free,Europe,Mobile,New,33.6,AI Insights,No,0.0,0.66
2024-03-07,U3018,Pro,South America,Desktop,New,119.4,Basic Search,No,0.0,0.75
2024-03-15,U3130,Pro,North America,Desktop,New,61.2,None,No,0.0,0.04
2024-03-13,U3164,Pro,Asia,Tablet,Returning,102.8,Signup Start,No,0.0,0.05
2024-03-30,U3065,Free,North America,Desktop,Returning,58.7,Basic Search,No,0.0,0.09
2024-03-31,U3169,Free,South America,Mobile,Returning,98.6,Advanced Search,No,0.0,0.18
2024-03-04,U3005,Pro,Oceania,Tablet,Returning,21.0,Landing Page View,Yes,49.99,0.67
2024-03-06,U3040,Free,North America,Tablet,New,107.2,Dashboard Export,No,0.0,0.44
2024-03-21,U3013,Pro,Europe,Desktop,Returning,53.8,Landing Page View,No,0.0,0.06
2024-03-12,U3097,Pro,North America,Mobile,New,2.9,Landing Page View,No,0.0,0.98
2024-03-03,U3087,Pro,North America,Mobile,New,87.2,Landing Page View,No,0.0,0.42
2024-03-21,U3028,Pro,North America,Tablet,New,112.2,Signup Start,No,0.0,0.93
2024-03-04,U3031,Free,Asia,Desktop,New,2.8,API Integration,No,0.0,0.02
2024-03-03,U3055,Free,Asia,Tablet,Returning,6.2,Dashboard Export,No,0.0,0.41
2024-03-04,U3197,Pro,Oceania,Tablet,New,31.0,Basic Search,No,0.0,0.6
2024-03-25,U3162,Pro,North America,Desktop,New,76.6,API Integration,No,0.0,0.97
2024-03-11,U3171,Free,Europe,Tablet,Returning,46.5,Dashboard Export,No,0.0,0.5
2024-03-20,U3181,Premium,Europe,Desktop,New,88.8,Dashboard Export,Yes,99.99,0.62
2024-03-16,U3016,Free,Asia,Mobile,New,45.7,Landing Page View,No,0.0,0.24
2024-03-24,U3186,Pro,Asia,Mobile,Returning,38.8,Landing Page View,No,0.0,0.52
2024-03-01,U3107,Pro,North America,Tablet,Returning,41.8,Dashboard Export,No,0.0,0.54
2024-03-23,U3171,Premium,North America,Tablet,Returning,63.1,Advanced Search,No,99.99,0.44
2024-03-16,U3002,Free,Europe,Mobile,New,76.5,Advanced Search,No,0.0,0.93
2024-03-19,U3033,Free,Oceania,Mobile,New,61.4,Signup Start,No,0.0,0.72
2024-03-07,U3080,Free,North America,Desktop,New,73.1,AI Insights,No,0.0,0.29
2024-03-28,U3115,Premium,South America,Mobile,Returning,48.4,Advanced Search,Yes,99.99,0.47
2024-03-24,U3109,Free,South America,Mobile,Returning,3.4,Signup Start,No,0.0,0.43
2024-03-20,U3022,Pro,Oceania,Mobile,New,31.6,None,No,0.0,0.31
2024-03-20,U3073,Free,South America,Mobile,Returning,17.3,None,No,0.0,0.2
2024-03-28,U3049,Free,Oceania,Tablet,Returning,59.5,Signup Start,No,0.0,0.93
2024-03-16,U3191,Free,Asia,Tablet,New,49.6,Landing Page View,No,0.0,0.98
2024-03-19,U3032,Free,North America,Mobile,Returning,114.9,API Integration,No,0.0,0.51
2024-03-02,U3126,Pro,South America,Desktop,New,29.8,Landing Page View,No,0.0,0.91
2024-03-23,U3093,Pro,North America,Desktop,Returning,113.4,Advanced Search,No,0.0,0.26
2024-03-06,U3155,Pro,Europe,Mobile,New,77.7,Signup Start,No,0.0,0.4
2024-03-30,U3151,Premium,North America,Desktop,New,99.7,AI Insights,Yes,99.99,0.69
2024-03-13,U3129,Premium,Oceania,Desktop,Returning,90.5,Basic Search,No,99.99,0.12
2024-03-05,U3147,Pro,Asia,Tablet,New,111.7,Signup Start,No,0.0,0.7
2024-03-01,U3002,Premium,Europe,Mobile,Returning,63.5,AI Insights,No,99.99,0.73
2024-03-06,U3044,Free,North America,Mobile,Returning,22.7,Basic Search,No,0.0,0.45
2024-03-02,U3055,Free,North America,Mobile,Returning,118.0,Signup Start,No,0.0,0.44
2024-03-21,U3160,Free,North America,Mobile,Returning,11.2,Basic Search,No,0.0,0.28
2024-03-08,U3088,Free,South America,Desktop,New,2.1,AI Insights,No,0.0,0.75
2024-03-02,U3002,Pro,Europe,Mobile,New,45.7,AI Insights,No,0.0,0.92
2024-03-11,U3122,Pro,Asia,Tablet,Returning,119.9,Dashboard Export,No,0.0,0.93
2024-03-20,U3171,Free,Europe,Desktop,Returning,96.9,Landing Page View,No,0.0,0.46
2024-03-27,U3179,Free,North America,Mobile,New,104.4,AI Insights,No,0.0,0.94
2024-03-20,U3193,Pro,South America,Tablet,Returning,79.6,Landing Page View,No,0.0,0.98
2024-03-12,U3083,Free,Europe,Tablet,Returning,81.7,Dashboard Export,No,0.0,0.6
